Date,Show,Keyword1,Keyword2,Keyword3,Keyword4,Keyword5,Keyword6,Keyword7,Keyword8,Keyword9,Keyword10,Keyword11,Keyword12,Keyword13,Keyword14,Keyword15,Keyword16,Keyword17,Keyword18,Keyword19,Keyword20,Keyword21,Keyword22,Keyword23,Average,Mean,Median,Quantile
2004-11,4,61,52,56,59,55,95,53,68,17,80,23,50,53,33,8,48,90,43,24,20,32,50,30,47.82608695652174,low,low,low
2004-12,6,55,50,46,45,49,82,47,60,14,71,21,42,47,34,8,47,88,41,27,20,26,45,26,43.08695652173913,low,low,low
2005-01,6,58,55,55,50,55,86,50,70,17,71,20,45,48,34,8,49,82,43,32,24,29,43,28,45.73913043478261,low,low,low
2005-02,7,67,60,50,59,53,90,62,72,22,76,23,51,51,39,11,50,89,47,30,25,33,51,31,49.65217391304348,low,low,low
2005-03,11,63,53,52,49,54,82,60,73,29,77,24,44,52,37,9,49,89,45,30,23,31,44,31,47.82608695652174,low,low,low
2005-04,14,67,57,55,53,53,86,63,69,20,78,24,48,50,35,11,50,98,46,31,19,33,47,30,48.82608695652174,low,low,medium
2005-05,17,60,54,47,41,54,81,51,64,20,75,23,48,45,33,10,50,89,43,29,16,27,46,27,44.91304347826087,low,low,medium
2005-06,8,59,51,46,35,57,81,55,63,15,76,23,43,47,31,8,52,77,47,23,13,27,45,29,43.60869565217392,low,low,low
2005-07,6,56,56,40,30,54,76,57,65,15,68,21,46,42,31,7,50,70,42,20,11,26,48,30,41.78260869565217,low,low,low
2005-08,8,56,53,40,29,56,83,54,66,16,69,23,54,40,32,6,45,73,43,16,11,26,43,29,41.869565217391305,low,low,low
2005-09,17,59,50,44,44,56,77,53,64,15,67,21,68,46,31,8,48,73,41,18,14,27,43,29,43.30434782608695,low,low,medium
2005-10,12,58,51,45,47,53,86,59,71,16,74,23,49,46,32,8,49,78,50,21,17,33,44,27,45.08695652173913,low,low,medium
2005-11,12,59,47,48,47,49,75,56,64,15,74,23,44,46,34,7,45,76,38,28,18,30,45,27,43.26086956521739,low,low,medium
2005-12,11,52,47,42,37,46,67,44,54,15,63,20,37,43,31,7,49,74,38,21,19,25,46,24,39.17391304347826,low,low,low
2006-01,19,55,53,45,43,52,75,54,67,20,76,23,39,44,40,8,53,76,40,22,19,30,61,28,44.47826086956522,low,high,medium
2006-02,16,60,59,49,53,53,75,56,72,18,74,23,42,48,40,9,50,79,43,24,21,34,50,28,46.08695652173913,low,low,medium
2006-03,14,57,55,50,48,52,85,56,73,18,78,25,48,48,40,8,50,82,42,25,20,32,52,28,46.60869565217392,low,low,medium
2006-04,16,62,74,46,44,54,78,55,61,17,72,23,47,46,38,9,49,77,43,27,15,32,47,28,45.391304347826086,low,low,medium
2006-05,27,54,53,42,38,56,77,50,60,16,69,21,44,47,36,8,49,73,39,25,12,29,43,28,42.130434782608695,high,high,high
2006-06,17,54,47,39,34,54,76,51,62,17,67,20,39,37,34,7,51,65,40,19,11,27,44,29,40.17391304347826,low,low,medium
2006-07,15,54,51,34,28,54,73,47,60,17,65,20,42,38,31,6,50,67,36,17,11,26,39,26,38.78260869565217,low,low,medium
2006-08,22,54,48,34,28,58,73,47,61,15,64,21,45,38,33,6,51,68,35,15,10,28,46,27,39.34782608695652,high,high,medium
2006-09,35,58,50,38,40,53,78,50,65,19,69,20,49,38,33,8,51,73,37,18,13,29,43,27,41.69565217391305,high,high,high
2006-10,23,58,49,43,43,56,91,53,66,18,72,22,37,43,35,7,51,71,38,21,16,33,46,28,43.34782608695652,high,high,high
2006-11,27,53,48,41,40,53,74,50,63,17,72,23,38,46,34,7,48,81,34,22,17,32,41,26,41.73913043478261,high,high,high
2006-12,24,47,44,36,34,50,67,42,57,16,62,17,30,38,32,6,48,63,33,23,18,27,39,24,37.08695652173913,high,high,high
2007-01,29,50,50,40,40,55,75,45,68,16,71,21,51,41,37,7,52,69,39,22,22,32,42,27,42.26086956521739,high,high,high
2007-02,26,54,56,38,44,52,71,51,68,17,68,21,37,40,39,8,50,70,42,22,21,34,46,25,42.34782608695652,high,high,high
2007-03,25,59,54,39,38,52,80,47,64,21,68,22,41,43,38,8,50,67,45,23,19,35,42,26,42.65217391304348,high,high,high
2007-04,27,57,47,40,39,55,75,45,64,18,73,22,38,41,36,8,49,66,39,27,16,35,47,29,42.0,high,high,high
2007-05,36,55,48,43,38,55,78,47,60,17,71,21,40,42,34,7,50,66,41,24,13,33,44,27,41.47826086956522,high,high,high
2007-06,19,53,44,36,28,53,73,44,61,21,66,21,35,41,33,7,50,63,37,19,11,27,43,27,38.82608695652174,low,high,medium
2007-07,14,55,46,30,25,54,71,47,63,20,71,21,38,40,32,6,52,61,36,19,10,30,41,26,38.869565217391305,low,low,medium
2007-08,16,50,48,34,27,56,71,45,64,17,65,22,38,36,32,6,53,58,38,17,10,29,42,27,38.47826086956522,low,low,medium
2007-09,32,58,50,41,42,55,77,52,65,18,70,21,42,40,34,7,54,59,40,19,13,33,43,28,41.78260869565217,high,high,high
2007-10,42,67,55,45,50,61,88,56,73,20,73,23,40,41,38,8,79,67,43,23,19,36,46,27,46.869565217391305,high,high,high
2007-11,40,60,54,44,46,49,75,57,69,22,69,23,32,41,37,8,64,56,40,23,21,34,44,26,43.21739130434783,high,high,high
2007-12,28,49,45,34,35,45,63,43,59,19,59,19,29,37,33,7,52,58,31,21,20,31,39,24,37.04347826086956,high,high,high
2008-01,28,58,51,41,39,47,69,50,74,19,64,21,35,38,39,8,56,65,38,20,24,32,45,26,41.69565217391305,high,high,high
2008-02,35,60,54,43,46,53,68,51,65,19,66,24,38,40,41,8,54,64,38,25,29,34,46,25,43.08695652173913,high,high,high
2008-03,19,63,52,44,44,53,83,48,62,21,69,22,39,39,40,8,53,67,40,24,23,33,44,28,43.43478260869565,low,high,medium
2008-04,23,65,51,47,46,54,79,51,62,21,70,24,39,39,42,10,53,72,44,27,19,36,47,27,44.56521739130435,high,high,high
2008-05,40,60,49,44,39,48,74,46,56,21,63,22,38,41,36,7,52,66,45,23,15,33,46,29,41.43478260869565,high,high,high
2008-06,21,60,48,36,32,54,72,47,59,19,64,30,34,38,35,6,53,54,37,19,11,29,43,27,39.43478260869565,high,high,medium
2008-07,18,59,50,34,28,53,74,47,60,20,59,22,37,37,36,6,53,55,40,18,10,32,43,25,39.04347826086956,low,high,medium
2008-08,22,59,47,34,27,52,70,45,56,19,64,20,37,35,34,6,53,57,37,17,15,30,43,28,38.47826086956522,high,high,medium
2008-09,57,62,53,39,43,51,82,47,61,21,64,24,36,39,36,7,55,65,39,17,16,35,45,26,41.869565217391305,high,high,high
2008-10,54,67,55,43,46,54,83,49,64,21,69,24,38,39,39,9,61,71,40,19,20,34,44,27,44.17391304347826,high,high,high
2008-11,56,64,56,41,44,50,73,50,64,24,70,22,34,41,38,8,57,69,37,22,22,33,44,27,43.04347826086956,high,high,high
2008-12,64,54,53,43,36,46,64,54,54,23,57,19,33,36,35,7,55,59,33,19,22,29,40,24,38.91304347826087,high,high,high
2009-01,59,59,56,39,41,50,73,46,63,21,61,19,31,38,38,7,56,64,37,19,23,51,43,26,41.78260869565217,high,high,high
2009-02,48,68,59,43,50,55,79,65,65,21,68,23,42,42,42,9,58,66,38,23,27,43,45,26,45.95652173913044,high,high,high
2009-03,44,66,60,46,49,54,76,52,65,22,71,24,39,41,43,9,58,75,43,22,24,36,45,28,45.56521739130435,high,high,high
2009-04,100,69,57,45,50,51,79,51,63,22,68,22,42,39,42,10,56,71,43,25,22,38,45,26,45.04347826086956,high,high,high
2009-05,66,64,57,42,42,50,82,46,57,23,64,21,40,39,36,9,55,69,39,23,18,30,44,26,42.43478260869565,high,high,high
2009-06,30,67,58,38,35,55,84,49,62,25,63,23,34,41,37,8,55,63,46,18,16,38,43,27,42.82608695652174,high,high,high
2009-07,25,61,59,34,29,54,72,49,61,22,62,20,35,33,37,8,56,57,58,17,15,29,45,28,40.91304347826087,high,high,high
2009-08,30,57,58,34,30,53,70,47,64,24,60,19,35,36,36,7,58,60,40,17,15,32,42,28,40.08695652173913,high,high,high
2009-09,70,66,59,42,48,51,78,52,64,21,65,24,40,38,37,9,62,66,45,17,22,33,45,30,44.08695652173913,high,high,high
2009-10,69,65,61,49,50,52,90,56,69,22,66,23,44,41,39,11,59,68,43,20,32,34,46,27,46.391304347826086,high,high,high
2009-11,57,69,57,47,46,51,75,48,68,28,68,24,44,44,41,10,63,78,39,20,31,36,45,27,46.04347826086956,high,high,high
2009-12,43,60,50,38,37,44,66,44,52,21,57,23,33,37,38,7,56,58,36,18,24,32,43,26,39.130434782608695,high,high,high
2010-01,45,63,57,41,40,46,73,49,62,23,64,21,34,36,42,7,58,64,41,19,23,32,48,26,42.130434782608695,high,high,high
2010-02,42,72,61,44,51,52,75,53,66,21,67,23,31,38,44,9,60,68,40,22,27,35,50,27,45.04347826086956,high,high,high
2010-03,40,73,61,45,52,57,73,55,70,27,71,23,40,41,44,10,60,70,42,24,23,34,48,28,46.56521739130435,high,high,high
2010-04,38,68,57,47,50,51,75,52,62,24,68,23,38,41,42,10,60,72,43,26,20,41,49,27,45.47826086956522,high,high,high
2010-05,45,71,58,42,45,48,71,52,58,25,66,44,38,40,39,8,60,67,48,22,18,35,52,26,44.91304347826087,high,high,high
2010-06,23,65,53,35,34,48,67,46,57,20,62,24,35,36,37,7,57,60,58,19,15,32,48,24,40.82608695652174,high,high,high
2010-07,21,64,55,33,29,45,63,46,54,25,58,23,43,32,34,6,61,56,45,19,14,30,45,24,39.30434782608695,high,high,medium
2010-08,28,64,48,36,30,46,64,41,55,24,57,21,46,34,36,6,61,57,44,17,14,29,42,23,38.91304347826087,high,high,high
2010-09,42,67,54,41,42,47,79,47,58,23,61,26,41,34,41,8,62,63,46,19,19,33,44,24,42.56521739130435,high,high,high
2010-10,38,71,55,41,46,48,87,51,65,27,62,27,38,37,42,8,60,63,45,22,24,35,46,26,44.60869565217392,high,high,high
2010-11,35,71,52,41,44,47,69,49,59,27,62,23,36,39,42,8,59,68,41,23,24,39,47,24,43.21739130434783,high,high,high
2010-12,27,58,47,36,40,42,64,42,49,24,54,22,31,33,36,7,59,58,36,17,25,31,43,21,38.04347826086956,high,high,high
2011-01,28,62,55,39,41,53,72,45,57,25,57,22,33,35,43,7,70,58,43,21,31,36,47,24,42.43478260869565,high,high,high
2011-02,31,68,54,40,51,53,73,52,60,25,61,25,37,42,45,8,73,60,41,20,35,39,80,25,46.391304347826086,high,high,high
2011-03,34,73,59,45,51,60,75,65,64,28,66,33,37,42,46,8,72,74,55,21,29,41,59,28,49.17391304347826,high,high,high
2011-04,31,67,52,45,48,53,73,52,56,29,61,25,39,40,40,9,71,64,48,21,23,39,51,25,44.82608695652174,high,high,high
2011-05,37,63,48,42,43,54,75,49,53,30,57,23,34,37,38,8,69,60,55,20,20,43,47,26,43.21739130434783,high,high,high
2011-06,18,63,51,36,36,55,74,45,55,24,59,21,34,33,38,7,73,55,49,16,16,36,53,23,41.391304347826086,low,high,medium
2011-07,15,62,46,32,30,51,66,44,50,25,56,20,36,32,36,6,71,52,44,15,14,36,46,24,38.869565217391305,low,low,medium
2011-08,16,63,51,34,30,53,68,46,50,25,56,20,40,33,36,6,68,61,42,14,14,33,43,23,39.52173913043478,low,low,medium
2011-09,22,64,51,37,46,52,79,51,62,25,57,22,43,35,38,8,69,63,45,15,21,39,47,25,43.21739130434783,high,high,medium
2011-10,41,66,54,40,48,56,97,50,60,26,59,24,41,38,40,8,72,61,45,18,24,40,51,27,45.43478260869565,high,high,high
2011-11,26,65,52,42,45,53,74,54,56,29,60,22,38,38,42,8,71,58,41,18,30,34,48,25,43.60869565217392,high,high,high
2011-12,19,57,46,36,36,49,67,66,50,26,53,22,36,34,37,7,69,55,37,14,29,39,47,22,40.60869565217392,low,high,medium
2012-01,21,68,54,40,41,55,73,53,59,29,65,22,38,36,46,7,72,61,47,17,30,39,51,25,44.69565217391305,high,high,medium
2012-02,24,72,64,46,55,57,73,55,63,30,60,25,40,39,52,8,76,68,46,19,31,41,51,27,47.73913043478261,high,high,high
2012-03,20,70,60,45,48,57,73,54,60,25,62,24,36,39,47,8,72,63,49,18,28,42,51,25,45.91304347826087,high,high,medium
2012-04,21,71,60,44,49,54,79,54,53,31,60,25,39,42,42,8,72,68,47,21,24,42,49,28,46.17391304347826,high,high,medium
2012-05,46,60,51,41,74,55,73,51,54,28,58,21,36,37,42,8,72,61,52,19,20,41,48,26,44.69565217391305,high,high,high
2012-06,15,58,50,35,44,54,71,45,51,27,55,19,33,35,39,7,74,56,43,13,18,35,55,25,40.95652173913044,low,low,medium
2012-07,11,60,50,35,38,53,67,45,49,31,58,22,41,34,36,6,72,53,44,14,17,44,47,24,40.869565217391305,low,low,low
2012-08,10,59,50,36,36,56,72,43,52,32,54,21,54,32,37,7,72,57,43,13,17,38,48,36,41.95652173913044,low,low,low
2012-09,9,63,57,40,52,55,76,53,56,47,55,24,48,38,43,8,74,60,45,15,24,42,49,27,45.69565217391305,low,low,low
2012-10,8,66,61,42,52,58,100,50,58,29,58,23,41,39,43,8,74,67,43,16,28,41,49,26,46.60869565217392,low,low,low
2012-11,8,63,58,41,47,52,71,47,53,33,58,22,39,39,41,8,72,63,50,17,29,42,48,25,44.26086956521739,low,low,low
2012-12,8,53,51,37,41,47,64,44,45,27,49,19,34,32,39,7,71,61,41,14,34,36,46,23,39.78260869565217,low,low,low
2013-01,9,59,58,44,44,53,69,47,53,26,57,20,35,36,45,8,78,59,41,16,38,42,48,25,43.52173913043478,low,low,low
2013-02,8,67,67,44,54,54,70,55,59,27,60,24,39,38,48,9,73,61,44,18,32,46,50,26,46.30434782608695,low,low,low
2013-03,8,64,61,41,52,54,66,46,55,100,60,23,41,46,46,9,74,63,42,18,28,43,48,25,48.04347826086956,low,low,low
2013-04,7,66,62,47,52,56,74,45,59,28,63,22,37,41,45,9,69,61,45,21,24,48,52,25,45.69565217391305,low,low,low
2013-05,7,59,54,43,45,57,73,46,52,26,57,21,50,37,43,8,71,57,52,20,21,40,50,26,43.82608695652174,low,low,low
2013-06,7,59,52,35,35,53,74,51,50,27,57,19,74,34,41,7,75,55,44,15,17,38,47,24,42.73913043478261,low,low,low
2013-07,8,61,53,33,32,54,73,100,52,25,57,20,45,33,40,6,74,55,57,15,15,41,48,25,44.08695652173913,low,low,low
2013-08,8,61,52,35,34,60,70,44,54,26,57,20,45,37,41,7,73,54,60,15,16,42,49,24,42.43478260869565,low,low,low
2013-09,7,63,58,41,54,53,70,48,56,26,57,21,44,38,42,8,70,57,54,16,20,44,49,24,44.04347826086956,low,low,low
2013-10,6,67,61,43,60,58,92,49,61,27,60,24,42,42,46,9,75,59,54,17,24,45,49,26,47.391304347826086,low,low,low
2013-11,6,65,56,40,50,57,70,45,65,30,65,24,38,43,44,8,74,59,48,17,28,46,53,26,45.69565217391305,low,low,low
2013-12,7,56,52,37,40,46,65,41,47,36,51,21,36,34,40,7,69,56,52,15,32,39,48,22,40.95652173913044,low,low,low
2014-01,7,60,57,43,44,52,69,43,55,40,60,25,41,37,45,8,76,54,54,15,38,43,49,23,44.82608695652174,low,low,low
2014-02,7,65,68,42,56,56,75,49,60,33,59,25,39,39,47,8,79,58,45,17,31,45,54,25,46.73913043478261,low,low,low
2014-03,6,68,59,42,51,54,74,48,58,30,61,23,41,46,47,9,72,59,46,18,27,46,52,26,45.95652173913044,low,low,low
2014-04,25,69,59,48,54,57,74,64,58,30,63,24,43,44,48,10,73,64,50,21,26,48,55,27,48.21739130434783,high,high,high
2014-05,20,61,57,42,50,59,74,45,50,27,59,23,42,42,44,8,72,59,56,19,21,44,53,26,44.91304347826087,high,high,medium
2014-06,16,63,52,38,36,59,72,50,51,28,58,22,41,35,41,7,73,57,50,17,17,49,53,25,43.21739130434783,low,low,medium
2014-07,14,62,53,37,40,58,71,46,52,26,60,22,41,39,40,7,71,54,44,17,16,46,52,25,42.56521739130435,low,low,medium
2014-08,12,59,52,37,46,54,69,46,50,29,57,24,41,36,41,7,72,53,45,15,17,43,50,24,42.04347826086956,low,low,medium
2014-09,10,65,60,44,53,62,74,51,57,33,62,21,43,38,42,9,70,55,45,17,24,49,52,26,45.73913043478261,low,low,low
2014-10,8,68,60,43,58,59,95,50,60,30,61,28,42,41,45,10,68,58,42,22,27,49,53,27,47.65217391304348,low,low,low
2014-11,8,64,54,44,47,53,66,46,56,28,62,30,35,43,48,9,68,54,37,17,30,44,50,25,43.91304347826087,low,low,low
2014-12,9,55,52,41,44,48,64,45,44,26,57,21,33,37,43,7,72,49,37,16,38,43,49,24,41.08695652173913,low,low,low
2015-01,10,63,56,43,45,53,72,47,52,29,57,22,36,37,46,9,73,52,40,15,38,60,50,25,44.34782608695652,low,low,low
2015-02,8,67,63,42,57,51,66,49,58,40,61,25,53,41,49,10,75,57,41,18,36,50,53,25,47.26086956521739,low,low,low
2015-03,8,70,62,47,55,58,72,47,59,30,65,27,43,45,54,10,75,60,47,17,31,51,55,27,48.130434782608695,low,low,low
2015-04,8,71,60,50,56,59,75,50,56,31,64,23,42,45,48,9,72,59,47,18,28,52,56,28,47.78260869565217,low,low,low
2015-05,8,65,58,43,51,58,77,46,51,29,62,23,37,41,45,8,70,57,54,18,24,51,54,26,45.56521739130435,low,low,low
2015-06,8,61,55,37,57,65,73,44,52,27,63,21,46,39,44,7,70,55,44,14,20,49,55,27,44.56521739130435,low,low,low
2015-07,8,65,55,37,44,59,73,48,52,27,63,21,39,39,43,7,75,52,45,15,19,52,54,26,43.91304347826087,low,low,low
2015-08,8,63,56,38,37,61,73,49,52,27,60,21,42,38,46,7,72,51,42,12,19,50,53,25,43.21739130434783,low,low,low
2015-09,7,65,59,43,58,61,84,53,59,28,59,22,50,42,47,9,73,58,43,15,25,54,59,27,47.52173913043478,low,low,low
2015-10,8,70,62,46,58,61,98,61,57,35,62,26,43,45,50,9,73,65,100,18,30,58,66,26,53.0,low,low,low
2015-11,9,65,55,45,54,57,74,65,58,29,63,25,38,46,49,9,77,60,45,17,33,55,56,25,47.82608695652174,low,low,low
2015-12,10,63,54,41,45,56,70,54,50,26,59,21,36,38,46,8,72,55,48,16,36,51,54,25,44.52173913043478,low,low,low
2016-01,12,62,53,42,48,59,82,47,50,26,63,21,33,36,48,8,75,53,44,14,34,49,51,23,44.391304347826086,low,low,medium
2016-02,11,70,62,46,61,62,81,48,54,27,63,27,36,41,52,10,81,56,46,17,37,57,61,25,48.69565217391305,low,low,low
2016-03,10,81,62,45,60,64,79,47,56,27,67,22,36,44,51,9,76,58,44,16,35,75,59,26,49.52173913043478,low,low,low
2016-04,9,69,58,46,57,62,77,51,56,25,63,24,34,45,53,10,76,57,49,17,28,61,59,25,47.91304347826087,low,low,low
2016-05,8,67,54,42,52,58,73,45,52,27,63,21,31,39,47,8,67,54,51,16,23,50,61,25,44.60869565217392,low,low,low
2016-06,8,61,52,39,56,65,74,44,50,26,62,21,31,39,45,7,74,51,44,13,19,59,59,24,44.130434782608695,low,low,low
2016-07,8,59,49,36,50,58,70,41,44,24,58,20,31,38,43,7,74,48,44,11,17,59,55,25,41.78260869565217,low,low,low
2016-08,7,57,50,38,38,63,68,46,49,23,57,22,32,35,44,7,73,49,55,12,17,52,59,24,42.17391304347826,low,low,low
2016-09,7,64,53,43,57,58,80,43,57,24,60,21,33,40,46,9,73,57,62,13,39,63,61,26,47.04347826086956,low,low,low
2016-10,7,66,54,43,56,61,84,46,53,29,58,24,33,38,47,9,76,52,50,13,30,56,62,25,46.30434782608695,low,low,low
2016-11,11,70,55,48,51,64,70,51,51,28,73,50,42,44,37,12,75,57,55,14,35,56,63,2,47.95652173913044,low,low,low
2016-12,12,65,55,42,42,56,67,49,44,25,65,49,38,39,35,12,72,61,45,13,38,54,55,0,44.391304347826086,low,low,medium
2017-01,13,70,64,44,50,65,73,63,52,25,80,55,40,42,41,13,80,60,42,14,41,75,58,0,49.869565217391305,low,low,medium
2017-02,12,82,74,50,64,73,76,63,59,26,76,64,45,46,48,16,81,66,44,16,42,78,60,0,54.30434782608695,low,low,medium
2017-03,12,83,88,47,57,71,72,73,61,27,81,62,36,50,46,16,78,71,45,16,35,79,65,0,54.73913043478261,low,low,medium
2017-04,9,79,66,50,58,69,76,56,57,25,81,61,43,47,44,16,78,85,48,17,32,68,70,0,53.30434782608695,low,low,low
2017-05,8,74,65,50,53,70,73,56,54,26,77,61,54,44,42,14,76,61,47,16,26,65,69,0,51.0,low,low,low
2017-06,7,72,64,43,41,73,76,55,54,44,76,59,44,40,43,12,78,62,44,12,24,67,70,0,50.130434782608695,low,low,low
2017-07,8,70,63,39,46,69,75,56,54,26,78,54,44,40,40,11,79,61,46,12,20,65,71,0,48.65217391304348,low,low,low
2017-08,7,73,62,42,39,75,74,69,54,29,75,53,54,45,43,12,73,61,41,11,21,64,66,0,49.391304347826086,low,low,low
2017-09,8,75,63,47,57,67,74,64,56,24,74,56,47,45,42,13,75,63,77,13,27,66,64,0,51.69565217391305,low,low,low
2017-10,8,82,73,50,59,72,85,69,60,27,79,64,45,50,43,13,81,65,51,14,32,63,69,0,54.17391304347826,low,low,low
2017-11,7,68,61,49,56,69,73,53,55,25,81,56,38,51,43,13,83,61,50,14,32,57,65,0,50.130434782608695,low,low,low
2017-12,7,69,59,46,45,65,70,61,49,26,74,57,40,42,40,12,83,60,44,12,45,62,64,0,48.91304347826087,low,low,low
2018-01,8,78,66,50,54,71,72,63,58,25,81,63,45,47,43,13,86,68,44,13,60,100,66,0,55.04347826086956,low,low,low
2018-02,8,83,73,55,64,79,78,65,67,25,79,61,43,49,47,15,90,68,44,16,50,87,68,0,56.78260869565217,low,low,low
2018-03,9,69,67,55,57,74,74,44,63,24,71,17,36,52,49,11,80,61,44,14,34,62,65,0,48.82608695652174,low,low,low
2018-04,11,66,69,53,63,80,74,56,66,24,70,22,38,52,46,12,81,68,46,17,28,70,68,0,50.82608695652174,low,low,low
2018-05,13,61,68,54,56,74,74,51,57,22,69,21,36,44,39,10,79,63,50,17,24,61,67,0,47.69565217391305,low,low,medium
2018-06,12,60,64,45,47,76,76,49,58,29,64,16,44,47,39,9,80,57,44,13,21,57,64,0,46.04347826086956,low,low,medium
2018-07,12,58,65,44,44,73,78,43,57,22,68,18,47,42,40,8,84,62,48,17,19,59,65,0,46.130434782608695,low,low,medium
2018-08,15,62,69,44,44,77,79,51,58,21,65,23,40,44,41,9,86,60,45,12,19,60,62,0,46.56521739130435,low,low,medium
2018-09,14,63,73,48,56,73,78,43,65,22,64,18,39,43,43,10,81,61,43,14,26,76,62,0,47.869565217391305,low,low,medium
2018-10,11,69,77,51,63,80,90,45,65,23,73,18,40,46,46,11,80,100,48,15,30,63,65,0,52.08695652173913,low,low,low
2018-11,12,62,72,50,55,71,76,39,63,24,70,18,35,53,58,11,82,61,43,15,38,59,64,0,48.65217391304348,low,low,medium
2018-12,12,58,66,46,47,66,73,34,56,23,63,16,36,46,50,9,89,62,41,13,40,62,63,0,46.04347826086956,low,low,medium
2019-01,13,67,75,49,53,77,79,37,71,67,73,19,38,52,58,10,88,60,45,14,43,64,64,0,52.30434782608695,low,low,medium
2019-02,11,71,79,51,64,76,83,42,71,26,70,25,41,53,72,12,86,67,45,17,42,67,68,0,53.391304347826086,low,low,low
2019-03,13,68,78,53,60,79,89,42,75,24,78,18,39,62,72,13,88,63,47,16,40,72,100,0,55.47826086956522,low,low,medium
2019-04,12,71,73,54,61,79,81,37,71,28,75,18,39,61,72,15,83,60,45,18,31,67,80,0,53.0,low,low,medium
2019-05,13,69,69,49,55,80,78,40,67,24,72,17,38,60,69,11,85,61,50,17,29,62,74,0,51.130434782608695,low,low,medium
2019-06,11,66,63,44,50,76,83,42,65,27,68,16,39,60,60,10,80,59,43,14,25,65,72,0,49.0,low,low,low
2019-07,12,69,65,42,100,73,76,48,61,23,69,18,37,100,66,10,83,58,46,14,22,65,71,0,52.869565217391305,low,low,medium
2019-08,12,68,65,42,51,77,76,38,67,21,66,15,47,57,46,9,80,56,40,12,22,65,64,20,48.0,low,low,medium
2019-09,12,68,68,47,66,79,82,42,69,24,68,18,77,50,48,13,81,61,57,14,29,65,69,5,52.17391304347826,low,low,medium
2019-10,11,69,72,52,64,81,89,42,74,26,70,20,72,54,48,12,81,56,45,15,36,63,71,33,54.130434782608695,low,low,low
2019-11,11,67,69,51,55,74,77,40,67,24,72,15,42,55,48,12,80,56,42,15,39,61,71,43,51.08695652173913,low,low,low
2019-12,12,60,62,46,45,66,70,38,58,22,67,15,33,48,48,10,82,54,38,14,50,60,70,15,46.56521739130435,low,low,medium
2020-01,13,68,69,55,52,76,74,43,74,23,75,17,37,52,55,12,93,56,46,14,62,82,69,6,52.60869565217392,low,low,medium
2020-02,12,69,78,53,64,81,85,43,75,26,77,18,36,54,61,15,92,59,44,17,64,72,71,5,54.73913043478261,low,low,medium
2020-03,12,60,65,100,79,59,61,38,50,26,68,16,40,42,57,98,93,49,46,100,100,63,57,4,59.60869565217392,low,low,medium
2020-04,15,55,70,75,74,41,58,34,39,31,66,16,41,39,55,42,78,44,46,51,48,57,66,7,49.26086956521739,low,low,medium
2020-05,14,57,66,57,57,48,58,31,46,25,66,14,32,42,50,31,70,48,42,21,24,47,64,7,43.60869565217392,low,low,medium
2020-06,15,66,68,50,43,65,66,34,56,22,72,14,50,41,49,26,69,50,42,12,20,51,62,36,46.26086956521739,low,low,medium
2020-07,17,62,67,57,42,65,70,38,64,27,68,15,46,41,53,28,81,51,38,15,28,54,64,47,48.73913043478261,low,low,medium
2020-08,14,64,64,46,43,66,71,37,63,33,64,14,36,41,52,18,74,49,38,12,21,51,62,47,46.34782608695652,low,low,medium
2020-09,14,67,77,48,75,68,70,43,66,25,66,16,39,46,55,18,74,52,42,12,23,55,71,52,50.43478260869565,low,low,medium
2020-10,12,72,79,49,68,78,83,40,76,23,69,18,36,47,60,18,80,55,45,12,30,56,69,54,52.91304347826087,low,low,medium
2020-11,12,61,68,46,49,64,65,36,62,22,64,17,34,45,52,19,76,49,36,11,30,51,62,48,46.391304347826086,low,low,medium
2020-12,13,67,71,48,43,63,67,38,59,26,64,16,32,40,54,25,76,49,36,10,37,54,62,47,47.130434782608695,low,low,medium
2021-01,14,70,74,48,44,63,68,60,67,22,70,96,35,42,64,30,73,49,38,10,36,60,63,48,53.47826086956522,low,low,medium
2021-02,13,80,85,49,55,74,75,73,75,25,79,76,36,51,80,27,73,55,40,11,28,64,64,57,57.91304347826087,low,low,medium
2021-03,11,83,83,53,49,74,71,74,73,23,73,62,35,46,91,31,73,57,38,10,24,56,64,56,56.47826086956522,low,low,low
2021-04,12,78,89,49,52,80,70,63,74,26,76,60,37,53,84,24,77,57,41,13,25,61,67,55,57.0,low,low,medium
2021-05,12,75,75,44,45,76,71,58,74,22,72,24,37,47,78,22,79,57,42,11,23,59,67,55,52.73913043478261,low,low,medium
2021-06,12,74,73,41,37,70,73,61,73,22,73,20,35,44,72,17,81,56,40,9,22,66,69,55,51.43478260869565,low,low,medium
2021-07,12,73,74,41,38,70,73,64,67,23,71,21,36,48,65,26,84,56,39,9,25,67,66,53,51.69565217391305,low,low,medium
2021-08,13,71,71,47,40,77,70,72,72,22,74,22,41,53,65,100,93,56,39,11,41,67,68,32,56.69565217391305,low,low,medium
2021-09,12,78,80,50,56,72,78,69,76,24,70,24,37,49,57,40,88,60,39,12,42,68,64,32,55.0,low,low,medium
2021-10,11,80,77,46,53,76,81,72,78,22,75,26,39,49,61,33,84,56,38,17,36,88,62,40,56.04347826086956,low,low,low
2021-11,11,77,73,48,50,77,72,62,76,24,73,26,38,50,60,35,85,55,38,11,37,66,66,32,53.52173913043478,low,low,low
2021-12,11,71,68,44,42,68,67,58,68,21,68,19,37,44,62,42,96,54,40,10,48,65,64,35,51.78260869565217,low,low,low
2022-01,13,81,75,53,50,76,71,64,77,23,78,32,46,48,75,46,96,55,42,11,56,73,73,47,58.60869565217392,low,low,medium
2022-02,12,92,100,52,67,84,74,77,93,26,85,48,42,53,83,10,86,64,46,13,36,80,78,60,63.0,low,low,medium
2022-03,11,95,98,55,64,89,76,73,96,22,84,41,72,55,82,29,86,65,47,14,29,79,77,51,64.30434782608695,low,low,low
2022-04,11,91,88,54,72,85,79,70,91,26,82,40,52,54,78,31,88,62,45,18,30,70,82,47,62.391304347826086,low,low,low
2022-05,12,85,75,51,58,72,75,64,83,26,79,52,44,47,59,10,89,67,45,16,29,57,72,62,57.26086956521739,low,low,medium
2022-06,12,79,72,46,43,80,78,69,80,25,79,45,38,47,68,21,87,58,48,12,27,77,74,65,57.30434782608695,low,low,medium
2022-07,13,78,72,44,44,73,76,56,79,28,78,34,48,48,72,23,88,64,47,11,25,65,75,92,57.391304347826086,low,low,medium
2022-08,13,81,77,45,51,82,75,64,87,28,82,31,46,50,70,18,92,67,45,12,24,63,72,90,58.78260869565217,low,low,medium
2022-09,14,83,85,50,68,77,75,63,88,24,79,38,48,47,71,22,91,67,41,13,30,67,73,83,60.130434782608695,low,low,medium
2022-10,15,85,87,55,67,81,85,82,91,24,83,59,47,48,88,22,91,68,41,15,36,68,78,87,64.69565217391305,low,low,medium
2022-11,13,82,83,53,62,75,78,89,85,30,82,50,51,50,85,21,93,69,47,15,45,65,77,100,64.65217391304348,low,low,medium
2022-12,12,77,80,48,53,71,75,67,75,23,77,45,65,43,89,20,100,66,41,12,51,67,67,84,60.69565217391305,low,low,medium
2023-01,13,85,97,51,58,80,85,84,92,27,87,48,57,46,95,19,93,67,46,13,37,67,79,82,65.0,low,low,medium
2023-02,11,95,89,53,76,88,84,82,99,25,96,51,50,54,100,20,95,75,60,15,36,73,82,85,68.82608695652173,low,low,low
2023-03,10,100,88,58,71,93,80,86,100,26,97,64,55,49,68,21,94,85,58,15,34,74,77,52,67.17391304347827,low,low,low
2023-04,12,95,85,56,74,91,82,80,96,25,99,55,50,49,56,22,92,76,51,17,31,71,82,10,62.82608695652174,low,low,medium
2023-05,19,94,81,57,63,87,82,83,92,26,91,71,62,48,54,18,88,76,52,16,28,68,79,22,62.52173913043478,low,high,medium
2023-06,12,94,78,52,49,93,82,82,89,29,97,59,55,48,51,16,88,75,50,34,25,70,76,15,61.17391304347826,low,low,medium
2023-07,10,92,75,45,48,79,78,79,86,25,90,50,57,52,48,15,82,70,46,36,22,71,75,13,58.0,low,low,low
2023-08,11,88,76,47,57,90,76,79,84,22,87,64,53,49,47,16,81,66,44,18,24,66,69,12,57.17391304347826,low,low,low
2023-09,11,95,81,53,81,88,81,82,89,22,90,69,56,50,49,22,87,72,44,18,30,71,72,10,61.391304347826086,low,low,low
2023-10,11,99,88,61,77,88,87,77,94,25,89,68,49,55,54,22,88,76,46,17,38,72,75,13,63.391304347826086,low,low,low
2023-11,12,98,81,59,68,85,75,74,85,27,90,63,61,53,53,22,95,73,41,15,51,69,72,13,61.869565217391305,low,low,medium
2023-12,13,88,73,54,56,77,73,72,83,24,80,68,59,54,55,19,98,65,43,13,62,74,66,20,59.82608695652174,low,low,medium
2024-01,13,93,82,54,62,88,83,73,95,25,97,79,54,53,58,20,97,73,45,15,48,73,70,14,63.08695652173913,low,low,medium
2024-02,12,98,96,56,81,95,89,83,100,26,97,83,57,55,61,22,89,73,46,17,41,74,75,5,66.04347826086956,low,low,medium
2024-03,12,91,88,56,71,94,91,77,96,31,99,80,52,53,58,21,90,70,49,15,36,77,72,18,64.56521739130434,low,low,medium
2024-04,13,91,86,55,76,97,83,77,94,26,100,78,52,56,57,21,87,80,47,18,34,73,73,8,63.869565217391305,low,low,medium
2024-05,15,87,77,52,65,94,78,73,87,24,89,76,60,50,53,16,82,66,46,17,32,74,73,20,60.47826086956522,low,low,medium
2024-06,15,85,67,45,52,90,82,65,84,23,89,66,51,48,47,15,88,66,49,13,29,69,73,18,57.130434782608695,low,low,medium
2024-07,15,87,74,47,50,89,76,68,88,23,86,70,45,47,47,17,84,63,49,13,29,70,71,17,56.95652173913044,low,low,medium
2024-08,15,85,76,47,54,95,77,69,89,21,88,100,100,52,46,17,80,66,42,13,30,75,67,15,61.04347826086956,low,low,medium
2024-09,17,88,84,53,79,92,78,72,93,25,85,71,86,52,49,20,83,67,44,15,41,79,69,18,62.73913043478261,low,low,medium
2024-10,19,95,92,58,77,100,85,72,99,25,86,74,65,54,53,20,86,67,44,15,73,74,75,20,65.6086956521739,low,high,medium
2024-11,19,82,79,56,64,94,76,67,90,26,87,46,61,54,50,21,86,66,43,14,88,76,69,30,61.95652173913044,low,high,medium
2024-12,17,85,80,62,70,94,77,76,85,27,91,28,59,54,52,24,95,67,47,16,88,68,67,35,62.91304347826087,low,low,medium
2017-09,49,64,63,60,0,63,67,57,76,21,56,63,42,83,69,9,86,40,0,67,0,88,78,87,53.869565217391305,high,high,high
2017-10,100,70,71,64,0,68,72,62,85,22,64,75,43,93,74,10,92,44,0,74,0,100,78,87,58.60869565217392,high,high,high
2017-11,60,68,65,56,0,61,69,43,48,18,56,46,43,85,69,10,36,35,0,72,0,72,74,84,48.26086956521739,high,high,high
2017-12,47,59,58,61,0,53,65,49,43,18,57,33,40,72,61,8,27,32,0,75,0,69,71,74,44.56521739130435,high,high,high
2018-01,71,70,62,75,0,59,71,70,75,19,63,31,43,96,64,9,29,39,0,81,0,78,80,83,52.04347826086956,high,high,high
2018-02,48,77,74,71,0,71,79,69,75,21,61,47,47,91,73,10,37,47,0,81,0,75,83,72,54.82608695652174,high,high,high
2018-03,60,75,69,68,0,71,74,64,78,17,17,36,49,63,71,10,33,48,0,78,0,91,78,36,48.95652173913044,high,high,high
2018-04,32,79,67,74,0,73,80,66,72,18,22,34,46,61,71,10,28,44,0,78,0,82,78,36,48.65217391304348,high,high,high
2018-05,17,67,61,73,0,79,74,65,95,18,21,31,39,69,73,9,26,40,0,75,0,65,79,36,47.60869565217392,low,low,medium
2018-06,13,60,58,75,0,61,76,65,100,19,16,24,39,67,73,9,23,36,0,78,0,73,83,34,46.47826086956522,low,low,medium
2018-07,15,60,57,75,0,59,73,69,84,19,18,17,40,78,73,8,19,36,0,79,0,74,80,38,45.91304347826087,low,low,medium
2018-08,20,63,57,69,0,64,77,64,98,17,23,20,41,77,74,9,18,39,0,78,0,79,82,36,47.17391304347826,high,high,medium
2018-09,67,70,65,66,0,68,73,62,66,18,18,64,43,73,73,9,25,43,0,77,0,68,73,36,47.391304347826086,high,high,high
2018-10,63,85,67,62,0,77,80,65,67,18,18,70,46,67,78,11,24,44,0,77,0,70,75,39,49.56521739130435,high,high,high
2018-11,39,74,63,64,0,78,71,58,43,15,18,42,58,62,74,10,29,41,0,76,0,67,80,35,46.0,high,high,high
2018-12,35,64,59,66,0,65,66,53,49,17,16,30,50,60,66,9,24,34,0,81,0,61,75,31,42.43478260869565,high,high,high
2019-01,46,73,64,79,0,71,77,71,51,15,19,35,58,66,70,10,28,42,0,85,0,66,81,34,47.60869565217392,high,high,high
2019-02,48,82,73,76,0,69,76,71,48,17,25,48,72,72,74,11,34,50,0,82,0,74,84,35,51.0,high,high,high
2019-03,51,78,66,78,0,66,79,67,57,17,18,35,72,76,72,10,23,47,0,84,0,66,80,34,48.91304347826087,high,high,high
2019-04,21,77,66,73,0,66,79,67,55,19,18,32,72,75,77,10,28,49,0,78,0,78,78,34,49.17391304347826,high,high,medium
2019-05,15,72,62,72,0,63,80,64,75,18,17,29,69,75,72,9,25,44,0,73,0,74,78,35,48.08695652173913,low,low,medium
2019-06,14,64,62,73,0,62,76,63,0,20,16,23,60,78,77,9,22,41,0,75,0,65,83,34,43.60869565217392,low,low,medium
2019-07,13,61,63,77,0,59,73,65,80,18,18,15,66,81,71,9,19,43,0,78,0,72,79,37,47.130434782608695,low,low,medium
2019-08,13,62,77,74,0,62,77,59,58,18,15,18,46,80,72,8,19,41,0,78,0,67,78,35,45.391304347826086,low,low,medium
2019-09,32,72,65,72,0,68,79,62,51,18,18,63,48,76,79,10,34,48,0,77,0,67,76,36,48.65217391304348,high,high,high
2019-10,50,77,70,69,0,75,81,61,36,19,20,67,48,71,80,11,30,49,0,77,0,68,81,37,49.0,high,high,high
2019-11,45,75,63,71,0,67,74,59,61,15,15,39,48,65,72,9,22,44,0,78,0,64,80,36,45.95652173913044,high,high,high
2019-12,32,66,57,69,0,55,66,51,43,33,15,29,48,59,64,8,17,38,0,81,0,64,75,32,42.17391304347826,high,high,high
2020-01,43,77,62,85,0,63,76,62,62,95,17,31,55,71,71,10,18,48,0,89,0,69,86,35,51.391304347826086,high,high,high
2020-02,39,79,69,78,0,66,81,61,57,100,18,45,61,77,79,10,23,55,0,84,0,69,86,38,53.73913043478261,high,high,high
2020-03,58,79,61,85,0,54,59,48,49,92,16,31,57,66,61,8,17,45,0,83,0,57,77,31,46.78260869565217,high,high,high
2020-04,49,79,64,69,0,44,41,56,45,63,16,31,55,70,57,8,20,42,0,97,0,91,74,28,45.65217391304348,high,high,high
2020-05,19,68,62,74,0,46,48,59,72,51,14,28,50,74,56,8,15,41,0,91,0,68,74,28,44.65217391304348,low,high,medium
2020-06,15,60,59,73,0,52,65,67,33,19,14,26,49,73,66,8,14,45,0,84,0,54,79,34,42.34782608695652,low,low,medium
2020-07,15,61,62,78,0,55,65,65,49,18,15,20,53,76,72,9,14,48,0,94,0,54,85,40,44.91304347826087,low,low,medium
2020-08,16,64,60,74,0,55,66,59,76,16,14,21,52,69,71,8,14,44,0,90,30,62,79,72,47.65217391304348,low,low,medium
2020-09,19,81,64,70,0,63,68,63,42,17,16,81,55,68,74,10,27,53,0,85,65,59,78,99,53.82608695652174,low,high,medium
2020-10,24,77,67,73,0,56,78,63,50,16,18,71,60,68,77,10,25,55,0,93,74,53,90,100,55.391304347826086,high,high,high
2020-11,73,66,56,68,0,49,64,51,40,14,17,36,52,60,67,9,19,47,0,84,64,53,81,90,47.26086956521739,high,high,high
2020-12,46,63,59,70,0,48,63,50,44,13,16,27,54,59,62,8,16,43,0,90,62,52,82,93,46.69565217391305,high,high,high
2021-01,54,63,59,79,0,45,63,64,37,15,96,30,64,67,66,8,15,46,0,95,66,47,93,93,52.65217391304348,high,high,high
2021-02,53,69,66,81,0,48,74,76,63,19,76,49,80,76,74,10,16,56,0,94,81,60,98,39,56.73913043478261,high,high,high
2021-03,44,75,69,82,0,47,74,100,0,21,62,36,91,72,74,9,14,58,0,94,75,56,92,38,53.869565217391305,high,high,high
2021-04,40,74,61,84,0,49,80,65,64,21,60,28,84,75,72,10,13,61,0,90,68,50,100,48,54.65217391304348,high,high,high
2021-05,42,72,58,83,0,46,76,58,50,20,24,25,78,76,75,9,14,55,0,88,71,47,90,37,50.08695652173913,high,high,high
2021-06,38,63,57,84,0,51,70,61,66,26,20,24,72,80,76,9,13,54,0,89,69,40,89,37,50.0,high,high,high
2021-07,17,60,55,81,0,56,70,56,57,22,21,17,65,78,75,9,14,56,0,86,67,43,87,37,48.34782608695652,low,low,medium
2021-08,25,65,59,86,0,58,77,55,48,22,22,18,65,86,76,13,15,55,0,93,75,62,88,38,51.130434782608695,high,high,high
2021-09,33,81,63,79,0,59,72,54,85,22,24,58,57,81,78,100,19,60,0,86,80,44,85,37,57.56521739130435,high,high,high
2021-10,40,76,67,79,0,59,76,58,53,22,26,50,61,74,80,27,16,58,0,84,72,44,85,39,52.43478260869565,high,high,high
2021-11,38,73,60,73,0,65,77,51,64,21,26,32,60,67,78,13,16,61,0,84,75,45,87,37,50.65217391304348,high,high,high
2021-12,22,66,55,70,0,59,68,52,71,20,19,24,62,67,70,12,12,51,0,86,77,44,87,34,48.08695652173913,high,high,medium
2022-01,21,80,67,90,0,67,76,63,62,21,32,34,75,81,73,13,15,66,0,98,78,57,97,38,55.78260869565217,high,high,medium
2022-02,15,89,100,87,0,73,84,67,48,27,48,67,83,93,88,16,16,83,0,99,85,55,94,47,63.0,low,low,medium
2022-03,28,94,77,93,0,80,89,66,51,25,41,45,82,95,90,14,18,87,0,96,78,51,95,43,61.30434782608695,high,high,high
2022-04,24,92,73,86,0,80,85,62,59,23,40,39,78,90,82,13,23,79,0,92,87,55,86,39,59.26086956521739,high,high,high
2022-05,30,80,60,89,0,69,72,57,0,22,52,34,59,91,79,12,22,68,0,86,75,46,85,38,52.0,high,high,high
2022-06,15,72,57,92,0,64,80,65,66,21,45,27,68,97,79,11,18,67,0,90,100,47,93,39,56.43478260869565,low,low,medium
2022-07,13,67,59,92,1,64,73,61,58,20,34,19,72,100,84,10,15,64,0,91,72,52,88,41,53.78260869565217,low,low,medium
2022-08,16,72,59,90,1,68,82,64,64,20,31,25,70,99,95,10,17,66,0,89,82,48,89,40,55.69565217391305,low,low,medium
2022-09,18,79,68,82,1,75,77,61,45,21,38,82,71,92,86,12,33,71,0,83,80,42,86,41,57.65217391304348,low,high,medium
2022-10,32,84,70,86,6,80,81,61,41,21,59,82,88,90,85,14,44,74,0,85,82,49,87,40,61.26086956521739,high,high,high
2022-11,29,85,65,77,13,81,75,57,44,21,50,58,85,81,83,12,35,73,0,81,81,48,83,38,57.65217391304348,high,high,high
2022-12,23,74,61,77,10,74,71,52,61,19,45,32,89,77,71,11,28,66,0,85,74,53,82,35,54.21739130434783,high,high,high
2023-01,24,80,67,91,11,78,80,74,42,19,48,38,95,89,81,12,29,76,0,100,84,54,87,39,59.73913043478261,high,high,high
2023-02,24,91,75,92,12,94,88,81,0,24,51,68,100,100,86,13,36,87,0,98,90,55,95,43,64.30434782608695,high,high,high
2023-03,27,97,76,97,68,87,93,70,70,24,64,42,68,94,94,12,44,87,0,94,88,54,96,42,67.8695652173913,high,high,high
2023-04,29,88,65,98,100,86,91,70,67,24,55,37,56,92,89,12,45,89,0,93,93,53,91,40,66.69565217391305,high,high,high
2023-05,44,85,65,97,90,85,87,70,51,24,71,35,54,97,90,12,42,84,0,91,85,63,94,41,65.78260869565217,high,high,high
2023-06,27,79,66,100,89,79,93,71,73,26,59,27,51,99,91,11,29,82,0,94,83,57,95,40,64.95652173913044,high,high,high
2023-07,20,72,62,99,78,75,79,67,61,24,50,19,48,100,86,16,25,77,0,88,83,44,95,40,60.34782608695652,high,high,medium
2023-08,17,75,58,93,81,75,90,67,88,23,64,27,47,98,93,14,37,75,0,96,81,51,91,38,63.56521739130435,low,low,medium
2023-09,13,90,68,96,82,87,88,64,56,24,69,88,49,97,93,14,99,83,0,88,91,41,90,43,69.56521739130434,low,low,medium
2023-10,13,94,72,94,82,94,88,65,65,25,68,89,54,94,97,14,100,87,0,87,99,47,91,45,71.78260869565217,low,low,medium
2023-11,20,86,63,85,83,89,85,63,61,26,63,48,53,89,93,13,70,88,0,95,85,45,91,46,66.08695652173913,high,high,medium
2023-12,9,85,60,85,60,82,77,56,62,23,68,36,55,81,81,11,54,80,0,90,82,50,88,38,61.04347826086956,low,low,low
2024-01,15,87,66,97,50,87,88,68,69,26,79,40,58,85,85,15,55,89,100,94,88,50,95,41,70.08695652173913,low,low,medium
2024-02,25,96,71,92,45,100,95,67,39,28,83,71,61,92,95,14,65,99,0,93,90,56,95,46,69.26086956521739,high,high,high
2024-03,22,100,67,91,44,99,94,74,69,46,80,40,58,94,96,12,49,97,0,91,94,52,94,49,69.1304347826087,high,high,medium
2024-04,32,92,65,95,68,95,97,69,59,58,78,38,57,94,100,13,51,100,0,88,86,52,88,44,69.0,high,high,high
2024-05,34,84,61,95,50,87,94,68,61,69,76,33,53,94,94,12,43,86,0,84,91,51,89,45,66.08695652173913,high,high,high
2024-06,20,83,60,91,48,74,90,75,75,74,66,30,47,99,87,11,33,79,0,86,75,48,87,45,63.60869565217392,high,high,medium
2024-07,17,77,59,94,49,80,89,71,61,91,70,22,47,97,88,11,27,81,0,89,84,45,90,44,63.73913043478261,low,low,medium
2024-08,12,85,57,91,51,81,95,67,86,77,100,27,46,98,91,11,37,82,0,92,81,42,89,45,66.56521739130434,low,low,medium
2024-09,10,92,72,97,55,90,92,68,0,50,71,100,49,97,95,13,98,92,0,88,89,42,85,48,68.82608695652173,low,low,low
2024-10,9,96,72,96,53,99,100,65,59,50,74,92,53,98,100,15,92,93,0,91,93,45,89,49,72.78260869565217,low,low,low
2024-11,8,93,62,90,52,96,94,63,67,28,46,55,50,88,91,12,61,92,0,92,96,49,94,77,67.30434782608695,low,low,low
2023-03-26,67,100,94,84,77,65,76,43,79,71,99,86,91,66,88,76,56,67,100,80,74,92,79,48,,high,high,high
2023-04-02,100,0,82,85,68,58,72,55,49,66,75,83,86,77,87,68,46,58,90,85,73,93,79,44,,high,high,high
2023-04-09,43,0,84,88,76,62,76,0,79,70,59,88,87,63,83,72,47,56,91,85,82,95,79,52,,high,high,high
2023-04-16,25,0,87,86,76,64,73,62,80,63,81,87,83,89,84,75,53,61,98,78,84,96,82,58,,high,high,high
2023-04-23,16,0,87,85,73,64,72,47,50,70,55,89,88,82,85,77,34,63,89,83,82,95,85,58,,low,low,medium
2023-04-30,12,0,81,81,69,60,77,49,71,66,68,85,89,86,85,70,54,66,88,72,79,95,91,51,,low,low,medium
2023-05-07,9,55,81,84,70,56,69,44,69,67,0,84,88,81,81,77,38,63,87,72,80,92,84,42,,low,low,low
2023-05-14,8,0,79,88,62,58,65,0,56,63,0,86,93,71,81,57,72,60,85,72,80,89,81,50,,low,low,low
2023-05-21,6,0,78,87,69,61,65,40,54,71,0,88,94,75,82,63,34,55,85,66,81,84,79,47,,low,low,low
2023-05-28,7,0,72,92,63,68,64,0,56,73,73,82,88,71,75,56,51,58,77,71,81,80,77,44,,low,low,low
2023-06-04,6,0,79,90,64,61,75,0,66,68,54,88,86,76,81,48,37,55,86,68,79,81,77,41,,low,low,low
2023-06-11,5,51,77,100,65,59,67,0,42,74,66,89,87,100,83,45,43,59,84,70,80,85,78,35,,low,low,low
2023-06-18,5,77,84,92,62,57,67,0,51,71,0,87,87,63,84,43,57,65,86,60,81,90,78,33,,low,low,low
2023-06-25,5,50,78,87,63,60,70,0,47,74,0,87,83,75,82,44,50,54,84,76,83,84,76,34,,low,low,low
2023-07-02,6,0,71,90,67,60,65,0,56,73,49,87,90,65,79,47,44,68,87,70,86,80,71,35,,low,low,low
2023-07-09,5,65,73,86,61,58,64,66,54,75,0,86,92,75,87,100,56,64,83,86,84,85,73,35,,low,low,low
2023-07-16,5,0,77,90,59,57,73,0,50,80,59,89,88,66,89,59,54,56,82,70,88,87,75,36,,low,low,low
2023-07-23,5,0,74,100,62,57,64,53,38,100,71,91,95,75,88,47,86,54,92,74,100,91,80,40,,low,low,low
2023-07-30,4,0,74,83,61,52,71,0,48,87,0,86,92,70,100,54,57,59,84,70,86,85,79,35,,low,low,low
2023-08-06,3,0,74,85,91,61,72,53,44,85,65,85,92,78,89,52,52,57,84,62,78,94,76,38,,low,low,low
2023-08-13,4,0,70,80,100,58,64,0,50,83,48,84,77,71,90,49,57,51,84,58,79,86,75,41,,low,low,low
2023-08-20,4,0,70,77,59,56,66,57,53,71,0,88,90,79,87,46,57,66,88,68,78,84,70,43,,low,low,low
2023-08-27,0,0,69,79,64,54,77,47,42,66,0,87,84,69,88,60,56,58,97,73,71,85,78,51,,low,low,low
2023-09-03,3,0,74,83,61,55,65,55,44,71,48,83,91,80,80,62,56,67,86,74,72,86,78,52,,low,low,low
2023-09-10,2,0,90,80,67,54,68,0,46,69,0,88,88,85,91,66,41,72,93,77,71,89,81,79,,low,low,low
2023-09-17,3,0,89,82,67,55,71,0,45,72,0,94,91,81,87,58,57,65,90,84,76,91,88,100,,low,low,low
2023-09-24,8,0,82,80,68,61,67,64,59,73,0,93,88,76,85,63,49,60,93,77,69,87,82,90,,low,low,low
2023-10-01,4,0,78,83,69,55,66,0,53,78,0,87,85,89,87,57,48,59,86,79,69,88,81,76,,low,low,low
2023-10-08,2,0,76,81,73,53,68,49,38,71,49,92,92,75,87,61,38,68,90,81,70,92,79,72,,low,low,low
2023-10-15,2,0,83,84,74,56,72,86,52,68,47,93,91,82,90,68,67,61,93,85,68,92,83,59,,low,low,low
2023-10-22,4,0,79,84,74,60,70,40,78,70,0,90,95,86,82,59,71,62,89,85,72,95,82,53,,low,low,low
2023-10-29,2,78,78,77,73,57,70,49,95,65,70,84,91,77,80,67,56,58,88,84,66,88,71,54,,low,low,low
2023-11-05,2,0,83,76,72,61,75,0,56,73,0,92,98,66,85,70,63,62,84,91,67,100,84,45,,low,low,low
2023-11-12,4,57,85,84,73,61,72,40,64,71,0,97,93,81,86,76,75,64,90,100,67,99,87,50,,low,low,low
2023-11-19,0,0,66,72,65,58,54,50,66,55,0,79,83,74,62,56,62,55,78,71,60,79,70,39,,low,low,low
2023-11-26,0,0,76,80,72,64,70,42,69,70,0,84,85,79,85,71,68,65,90,86,64,91,82,42,,low,low,low
2023-12-03,0,0,79,76,72,61,76,72,46,71,70,91,93,77,86,83,60,62,94,78,63,96,79,44,,low,low,low
2023-12-10,2,0,81,78,73,63,68,0,38,66,63,85,86,79,81,63,47,58,86,67,63,91,77,37,,low,low,low
2023-12-17,2,0,67,77,72,56,61,0,41,65,0,79,92,67,73,48,43,100,75,50,61,77,76,33,,low,low,low
2023-12-24,4,0,63,75,66,64,57,0,53,62,0,74,80,55,61,46,58,73,75,48,58,72,68,25,,low,low,low
2023-12-31,3,0,69,80,63,63,61,44,44,75,0,71,85,64,78,47,60,63,81,58,62,82,87,32,,low,low,low
2024-01-07,4,0,77,79,67,62,67,49,59,83,55,83,81,81,81,56,71,67,86,67,62,84,100,34,,low,low,low
2024-01-14,0,59,72,81,97,58,65,57,47,77,0,81,83,70,84,57,65,64,80,63,66,85,83,35,,low,low,low
2024-01-21,0,0,90,86,70,66,78,72,49,77,62,93,96,81,92,67,67,65,91,79,71,90,90,36,,low,low,low
2024-01-28,0,0,98,83,72,68,79,73,43,70,0,94,90,89,87,71,55,69,88,75,72,95,85,33,,low,low,low
2024-02-04,4,72,91,86,73,63,77,52,54,72,0,92,91,81,87,65,71,67,96,81,73,92,84,29,,low,low,low
2024-02-11,3,0,88,86,72,59,70,0,63,66,50,91,87,77,87,76,51,64,84,87,70,94,86,33,,low,low,low
2024-02-18,0,77,92,90,71,100,66,0,47,69,0,93,96,91,89,75,67,79,91,76,74,99,91,38,,low,low,low
2024-02-25,3,71,93,87,72,96,71,85,62,74,67,90,82,87,86,88,61,73,90,93,74,92,85,35,,low,low,low
2024-03-03,0,0,86,87,64,69,75,65,64,69,51,88,89,68,88,70,43,73,85,76,73,92,81,38,,low,low,low
2024-03-10,2,63,87,86,70,66,67,100,64,67,65,91,88,66,98,71,91,66,76,85,73,91,82,31,,low,low,low
2024-03-17,0,53,92,89,66,63,69,82,67,70,65,93,90,81,92,88,72,67,90,80,72,94,81,29,,low,low,low
2024-03-24,0,0,90,83,71,64,71,73,53,59,51,93,92,74,87,77,71,63,79,84,70,92,79,33,,low,low,low
2024-03-31,0,0,86,86,75,60,72,62,54,71,0,87,94,85,86,79,63,69,88,87,72,93,81,30,,low,low,low
2024-04-07,0,61,87,84,90,60,69,42,67,66,59,89,89,77,89,81,60,64,87,81,72,94,83,28,,low,low,low
2024-04-14,0,0,90,87,72,67,76,55,59,64,58,91,98,77,85,77,64,71,93,86,80,97,88,31,,low,low,low
2024-04-21,2,59,90,88,76,60,80,56,56,68,62,92,94,70,89,81,65,75,94,84,74,99,79,34,,low,low,low
2024-04-28,0,0,82,79,69,55,69,43,64,64,61,89,97,68,83,75,66,65,85,75,75,91,84,33,,low,low,low
2024-05-05,0,60,87,80,65,62,69,57,50,69,0,88,93,90,86,74,45,69,83,70,79,90,83,36,,low,low,low
2024-05-12,2,0,79,81,62,56,70,0,57,65,52,89,98,78,84,79,72,67,81,62,79,87,81,28,,low,low,low
2024-05-19,0,0,86,86,62,55,67,46,46,67,0,84,100,77,83,68,51,73,84,61,79,85,76,33,,low,low,low
2024-05-26,0,0,77,76,61,56,64,0,45,70,0,82,94,60,78,59,46,69,77,61,77,83,75,32,,low,low,low
2024-06-02,0,75,81,84,64,59,63,0,49,72,62,92,89,67,90,55,54,65,78,67,81,88,72,41,,low,low,low
2024-06-09,0,0,79,90,66,63,66,0,56,69,52,95,98,59,89,58,54,67,81,68,80,86,79,35,,low,low,low
2024-06-16,3,0,77,84,72,63,71,0,44,70,0,90,98,72,92,50,73,61,77,69,87,89,78,33,,low,low,low
2024-06-23,0,70,74,86,63,68,68,89,71,74,0,93,99,68,91,52,70,57,82,76,86,90,75,32,,low,low,low
2024-06-30,0,0,68,81,60,70,81,0,48,66,0,85,91,61,78,57,65,58,78,67,85,81,76,29,,low,low,low
2024-07-07,0,0,80,81,63,72,100,49,52,69,0,90,89,70,93,62,87,64,83,81,92,90,75,26,,low,low,low
2024-07-14,2,0,75,83,57,59,76,0,92,68,58,87,89,73,91,52,74,60,76,74,81,86,83,25,,low,low,low
2024-07-21,0,76,78,81,63,63,80,0,64,71,0,88,91,70,91,55,71,58,83,75,77,88,78,34,,low,low,low
2024-07-28,0,0,75,87,62,67,68,0,48,78,0,91,93,69,91,52,64,63,90,67,84,87,78,29,,low,low,low
2024-08-04,0,57,78,82,66,59,73,0,51,73,50,81,98,68,90,52,70,60,96,63,78,84,77,30,,low,low,low
2024-08-11,0,0,77,85,63,66,68,0,65,74,60,87,96,79,97,48,64,64,91,67,75,83,76,34,,low,low,low
2024-08-18,0,0,75,85,63,60,74,51,72,74,0,86,93,81,95,59,83,69,95,70,70,85,76,35,,low,low,low
2024-08-25,0,0,81,83,65,58,72,68,63,75,0,90,84,65,92,62,76,68,86,68,72,84,81,49,,low,low,low
2024-09-01,0,0,73,78,59,55,61,54,50,62,100,84,94,77,90,62,71,68,90,76,70,84,80,47,,low,low,low
2024-09-08,0,53,82,80,72,57,72,59,64,71,65,92,98,69,92,66,84,85,89,77,67,89,77,53,,low,low,low
2024-09-15,0,0,88,85,65,57,68,59,44,68,55,94,90,79,91,63,71,71,98,76,71,90,79,53,,low,low,low
2024-09-22,0,0,80,77,70,58,68,59,46,62,0,94,90,84,91,79,100,77,95,79,69,92,81,50,,low,low,low
2024-09-29,0,0,82,79,69,56,70,55,55,69,0,89,87,89,92,66,66,72,95,74,70,88,87,39,,low,low,low
2024-10-06,0,0,82,77,62,57,75,55,52,66,0,92,94,74,89,69,61,70,88,83,69,93,84,32,,low,low,low
2024-10-13,0,0,87,80,68,59,83,91,59,70,76,94,88,86,90,83,78,75,93,81,69,95,83,36,,low,low,low
2024-10-20,0,0,100,82,63,60,97,57,59,66,94,98,95,91,89,79,77,77,94,84,73,98,92,38,,low,low,low
2024-10-27,0,0,84,79,69,58,79,60,68,69,76,99,97,84,91,82,70,67,94,79,72,96,98,38,,low,low,low
2024-11-03,0,0,75,77,62,53,70,49,38,62,0,93,81,74,87,73,59,63,85,79,64,91,83,32,,low,low,low
2024-11-10,0,0,91,85,72,60,79,0,55,66,76,97,87,80,88,70,74,63,86,92,70,93,89,30,,low,low,low
2024-11-17,1,31,95,87,74,63,82,33,34,67,43,100,92,84,95,71,65,64,98,92,67,94,95,31,,low,low,low
2024-11-24,1,35,76,79,62,67,71,31,44,56,54,88,93,71,67,57,74,59,88,69,68,85,80,25,,low,low,low
2020-06-07,72,61,64,53,77,55,72,55,47,83,16,83,58,67,74,74,0,39,59,65,71,0,69,46,56.0,high,high,high
2020-06-14,100,55,66,58,80,64,77,70,51,76,21,73,58,69,78,100,0,37,59,68,74,0,69,48,58.73913043478261,high,high,high
2020-06-21,74,56,70,58,80,62,78,68,44,79,25,81,56,73,73,51,6,36,63,68,77,0,69,48,57.43478260869565,high,high,high
2020-06-28,62,59,66,55,84,62,74,63,42,79,19,76,50,63,71,45,0,34,53,65,69,0,66,34,53.43478260869565,high,high,high
2020-07-05,49,56,67,57,77,60,74,64,44,74,21,72,59,65,74,29,0,39,58,71,75,0,69,41,54.17391304347826,high,high,high
2020-07-12,44,58,72,63,79,61,81,64,43,75,26,81,63,79,80,25,12,41,61,70,75,0,69,42,57.391304347826086,high,high,high
2020-07-19,35,59,68,63,79,65,71,61,50,80,18,84,62,71,100,24,15,35,66,68,75,0,70,19,56.65217391304348,high,high,high
2020-07-26,30,55,68,60,79,55,79,68,45,79,28,78,63,65,87,21,20,39,65,69,72,93,72,35,60.65217391304348,high,high,high
2020-08-02,25,56,67,61,76,61,75,67,36,79,25,81,59,65,73,18,13,38,60,68,73,0,69,46,55.04347826086956,high,high,high
2020-08-09,22,53,63,57,74,59,72,67,38,77,20,83,62,63,77,14,16,36,59,69,71,0,71,35,53.73913043478261,high,high,medium
2020-08-16,22,56,62,57,75,58,78,62,38,74,14,77,62,60,82,13,18,38,58,71,76,0,68,0,52.04347826086956,high,high,medium
2020-08-23,20,54,63,59,73,58,76,61,35,69,15,74,62,64,76,11,16,41,62,72,73,0,66,33,52.73913043478261,high,high,medium
2020-08-30,20,63,67,60,81,62,73,66,35,74,19,67,66,65,75,15,14,42,67,73,74,0,68,56,55.73913043478261,high,high,medium
2020-09-06,19,68,63,64,83,58,74,61,34,69,18,72,57,62,71,11,14,41,62,70,69,0,62,74,54.65217391304348,low,high,medium
2020-09-13,16,61,64,74,78,59,74,59,34,67,23,71,64,66,73,13,12,42,65,76,69,0,66,83,56.21739130434783,low,low,medium
2020-09-20,16,68,69,63,85,54,73,67,39,68,20,71,64,71,86,10,11,40,71,75,73,0,68,66,57.04347826086956,low,low,medium
2020-09-27,16,65,69,72,92,60,80,61,34,70,24,73,66,66,73,11,12,39,70,71,74,0,67,59,56.869565217391305,low,low,medium
2020-10-04,16,67,69,70,83,58,80,63,34,78,22,78,64,66,79,10,18,40,69,75,75,0,71,68,58.130434782608695,low,low,medium
2020-10-11,16,74,73,67,79,66,77,66,78,76,21,80,67,67,86,12,8,38,68,75,73,0,73,56,60.0,low,low,medium
2020-10-18,16,67,73,67,86,65,84,66,40,81,25,83,68,69,86,10,11,41,70,74,77,0,71,69,60.130434782608695,low,low,medium
2020-10-25,15,68,72,64,87,64,81,64,37,73,20,76,63,66,79,10,12,37,68,67,77,0,70,70,57.60869565217392,low,low,medium
2020-11-01,12,55,57,51,68,46,65,51,34,100,19,65,53,57,61,8,8,31,52,58,60,0,57,50,48.08695652173913,low,low,medium
2020-11-08,15,69,68,85,86,58,77,65,52,94,20,75,63,68,79,10,0,40,66,65,73,0,70,49,57.91304347826087,low,low,medium
2020-11-15,16,71,78,66,82,61,81,67,38,89,16,78,65,71,82,10,17,41,65,70,75,0,72,55,58.69565217391305,low,low,medium
2020-11-22,13,57,67,54,82,56,72,55,30,80,17,71,47,58,66,7,15,30,49,48,56,0,57,62,49.391304347826086,low,low,medium
2020-11-29,14,68,73,63,80,61,73,71,34,77,21,76,62,71,71,9,17,35,62,67,74,0,71,50,55.91304347826087,low,low,medium
2020-12-06,15,80,80,63,84,59,78,63,35,83,18,75,61,67,73,12,20,36,65,65,73,0,72,59,57.43478260869565,low,low,medium
2020-12-13,15,90,71,59,84,60,79,64,34,72,21,74,58,65,71,9,13,35,59,62,68,0,67,51,55.04347826086956,low,low,medium
2020-12-20,14,65,66,49,72,53,66,50,34,67,14,70,45,51,69,10,10,27,47,43,50,0,53,0,43.95652173913044,low,low,medium
2020-12-27,15,78,71,49,74,60,66,54,35,68,18,73,47,57,70,8,10,29,48,52,57,0,60,0,47.130434782608695,low,low,medium
2021-01-03,17,72,70,55,75,61,76,56,33,73,14,74,57,54,66,10,15,33,56,72,70,0,71,32,51.95652173913044,low,low,medium
2021-01-10,21,73,76,59,78,65,82,61,32,69,17,77,62,65,78,10,8,37,60,69,72,0,75,42,55.08695652173913,high,high,medium
2021-01-17,18,69,80,58,79,62,79,61,41,71,18,78,63,65,73,10,16,38,58,70,70,0,72,56,55.95652173913044,low,high,medium
2021-01-24,18,71,82,65,87,60,89,64,39,71,22,79,66,68,78,10,14,63,68,71,74,0,78,62,60.04347826086956,low,high,medium
2021-01-31,14,71,81,65,86,70,81,72,38,73,17,81,64,66,88,20,10,39,69,72,73,0,76,65,59.869565217391305,low,low,medium
2021-02-07,16,67,78,63,80,61,91,73,48,77,21,81,64,69,79,14,12,37,67,69,73,0,74,71,59.52173913043478,low,low,medium
2021-02-14,16,64,76,63,81,63,76,79,36,75,23,86,60,69,83,11,6,35,66,70,68,0,69,66,57.60869565217392,low,low,medium
2021-02-21,16,73,78,66,87,69,87,72,38,93,24,85,69,77,80,12,9,38,69,81,76,0,86,53,61.82608695652174,low,low,medium
2021-02-28,17,76,88,69,82,68,80,75,48,80,31,75,70,69,80,12,12,38,71,77,75,0,88,56,61.73913043478261,low,low,medium
2021-03-07,15,74,80,64,86,64,77,73,36,76,21,83,68,71,77,11,17,39,69,73,74,0,81,64,59.91304347826087,low,low,medium
2021-03-14,17,71,73,59,77,67,72,65,30,77,14,67,62,67,73,9,8,35,62,72,70,0,74,44,54.26086956521739,low,low,medium
2021-03-21,16,71,76,62,84,67,84,61,40,80,23,77,66,70,75,13,8,35,66,73,69,0,77,45,57.47826086956522,low,low,medium
2021-03-28,17,69,76,64,83,72,77,66,35,80,24,75,63,70,77,11,6,36,62,71,73,0,78,46,57.130434782608695,low,low,medium
2021-04-04,17,73,78,63,85,67,79,67,37,83,13,72,69,72,79,10,6,36,68,76,77,0,76,51,58.130434782608695,low,low,medium
2021-04-11,16,74,77,66,90,74,80,66,42,79,28,79,71,72,78,11,20,38,70,75,84,0,76,58,61.21739130434783,low,low,medium
2021-04-18,17,67,77,67,81,72,82,69,36,83,19,76,71,74,77,9,29,38,69,74,79,0,77,54,60.0,low,low,medium
2021-04-25,16,73,74,65,84,74,81,71,38,74,20,76,69,71,81,11,23,37,68,74,80,0,77,59,60.0,low,low,medium
2021-05-02,17,70,77,65,84,65,83,62,39,80,23,77,68,69,76,12,26,38,67,70,82,0,77,47,59.0,low,low,medium
2021-05-09,16,67,75,63,83,66,88,66,38,80,20,79,65,68,79,10,53,34,72,76,80,0,76,23,59.17391304347826,low,low,medium
2021-05-16,16,63,74,61,79,63,81,70,39,81,21,69,71,66,72,8,75,33,72,78,81,0,75,44,59.82608695652174,low,low,medium
2021-05-23,17,59,73,62,85,73,78,63,37,72,17,77,70,67,67,11,100,33,72,77,82,0,77,25,59.869565217391305,low,low,medium
2021-05-30,16,64,68,62,80,72,75,64,36,68,15,69,63,66,69,8,56,35,66,68,77,0,69,37,55.95652173913044,low,low,medium
2021-06-06,16,56,71,61,83,69,80,65,37,73,22,72,71,64,73,9,31,39,70,78,78,0,73,29,56.69565217391305,low,low,medium
2021-06-13,17,54,74,64,74,69,75,66,40,65,18,78,70,66,81,10,29,31,70,74,80,0,77,29,56.26086956521739,low,low,medium
2021-06-20,17,84,74,62,84,85,79,67,38,71,18,77,73,72,74,10,34,34,77,74,81,0,79,26,59.69565217391305,low,low,medium
2021-06-27,17,57,70,62,84,72,91,67,37,68,18,73,68,68,70,10,28,35,71,66,79,0,75,0,55.17391304347826,low,low,medium
2021-07-04,15,56,73,59,86,69,78,72,39,74,14,75,62,76,73,10,37,35,59,71,75,0,71,44,56.869565217391305,low,low,medium
2021-07-11,20,60,75,62,87,71,80,70,38,74,21,78,70,70,82,11,40,39,71,75,81,0,78,38,59.60869565217392,high,high,medium
2021-07-18,22,62,73,62,81,70,81,67,54,74,28,77,68,67,72,15,49,34,70,77,76,0,77,37,59.60869565217392,high,high,medium
2021-07-25,23,65,74,61,78,72,79,73,71,70,23,78,70,67,74,13,58,35,71,76,80,0,78,33,60.82608695652174,high,high,high
2021-08-01,21,69,73,62,80,68,77,66,51,65,19,78,66,66,70,10,45,36,69,71,80,0,74,0,56.30434782608695,high,high,medium
2021-08-08,23,67,73,61,79,74,76,63,40,68,22,83,69,68,74,11,55,40,62,75,76,0,74,28,58.17391304347826,high,high,high
2021-08-15,22,67,76,61,87,66,80,66,36,82,20,78,68,66,74,8,57,40,67,79,75,0,74,31,59.04347826086956,high,high,medium
2021-08-22,23,75,73,62,74,68,86,67,38,65,13,76,70,67,76,19,61,42,73,80,76,0,78,38,59.869565217391305,high,high,high
2021-08-29,20,65,72,60,84,64,77,62,39,73,19,74,67,62,68,11,56,40,66,70,76,0,71,65,58.30434782608695,high,high,medium
2021-09-05,18,79,70,60,89,68,76,62,36,79,16,70,61,66,68,8,65,39,60,72,73,0,67,57,58.30434782608695,low,high,medium
2021-09-12,19,74,77,65,88,74,81,67,35,73,23,83,69,64,74,9,55,42,77,75,80,0,78,68,62.21739130434783,low,high,medium
2021-09-19,20,72,75,67,86,69,84,64,37,73,25,77,71,70,75,10,37,42,74,84,80,0,78,62,61.391304347826086,high,high,medium
2021-09-26,22,68,73,69,81,67,80,65,38,67,24,75,77,71,73,10,42,42,72,83,80,0,76,53,60.26086956521739,high,high,medium
2021-10-03,20,73,73,64,79,71,80,68,33,70,24,77,72,71,85,9,44,41,71,80,81,0,76,55,60.73913043478261,high,high,medium
2021-10-10,22,68,77,66,80,67,79,69,36,74,20,66,72,75,79,11,37,42,72,81,79,0,75,59,60.17391304347826,high,high,medium
2021-10-17,22,68,81,69,91,66,92,71,34,70,25,79,76,73,80,10,36,40,72,82,83,0,78,51,62.04347826086956,high,high,medium
2021-10-24,22,65,72,67,79,68,80,67,61,71,16,79,71,76,79,18,40,40,68,79,79,0,75,72,61.82608695652174,high,high,medium
2021-10-31,22,66,75,67,84,69,80,67,64,73,22,84,73,75,74,11,50,39,68,80,81,0,81,41,61.91304347826087,high,high,medium
2021-11-07,21,64,81,64,93,76,91,70,36,85,15,78,75,75,76,10,45,40,70,80,82,0,77,36,61.69565217391305,high,high,medium
2021-11-14,23,70,80,67,85,71,85,68,36,76,26,78,73,71,77,11,36,40,71,76,82,0,78,62,61.69565217391305,high,high,high
2021-11-21,15,57,62,52,76,64,65,56,32,66,15,64,54,61,67,8,39,31,50,54,66,0,61,36,49.391304347826086,low,low,medium
2021-11-28,22,62,74,64,79,69,81,66,37,67,20,73,68,67,76,10,47,38,66,79,79,0,79,59,59.130434782608695,high,high,medium
2021-12-05,23,62,75,65,88,74,80,68,39,66,19,75,65,67,68,11,37,38,69,75,77,0,82,56,58.95652173913044,high,high,high
2021-12-12,21,64,78,64,78,71,78,65,33,69,22,71,69,68,68,9,49,38,67,67,77,0,72,59,58.08695652173913,high,high,medium
2021-12-19,17,55,68,48,92,64,72,55,28,64,16,70,55,63,63,8,33,30,52,58,67,0,63,28,50.08695652173913,low,low,medium
2021-12-26,17,55,72,51,83,64,66,64,30,65,13,75,51,65,60,10,36,31,51,57,64,0,64,40,50.73913043478261,low,low,medium
2022-01-02,19,68,81,63,88,80,76,68,39,72,18,86,61,67,69,11,35,42,68,73,72,0,75,54,59.391304347826086,low,high,medium
2022-01-09,20,62,86,68,88,81,83,70,40,81,21,83,68,69,74,12,49,47,66,76,78,0,80,47,62.130434782608695,high,high,medium
2022-01-16,17,66,78,64,86,76,76,68,33,71,24,81,63,69,67,9,35,40,70,69,74,0,73,67,59.08695652173913,low,low,medium
2022-01-23,21,69,86,70,87,80,86,70,39,85,18,83,71,76,70,12,34,46,72,80,86,0,78,51,63.0,high,high,medium
2022-01-30,20,66,91,69,91,79,88,73,42,88,25,87,70,74,79,20,35,41,79,76,82,0,80,73,65.56521739130434,high,high,medium
2022-02-06,22,77,92,72,97,88,89,80,41,90,28,88,76,83,81,17,35,45,84,86,85,0,85,78,69.43478260869566,high,high,medium
2022-02-13,20,80,90,78,97,90,85,76,43,83,25,85,74,83,83,13,45,47,79,87,85,0,81,78,69.0,high,high,medium
2022-02-20,20,77,90,74,87,84,82,71,42,77,25,87,78,93,80,16,47,44,79,85,86,0,82,63,67.34782608695652,high,high,medium
2022-02-27,20,76,86,72,91,84,85,69,41,75,24,87,77,86,79,14,39,52,78,83,86,0,85,91,67.82608695652173,high,high,medium
2022-03-06,20,74,85,70,83,86,81,69,37,67,29,82,74,90,81,11,39,64,80,83,83,0,85,53,65.47826086956522,high,high,medium
2022-03-13,20,66,89,71,86,85,81,75,35,74,25,77,79,84,87,13,44,48,76,81,84,0,83,61,65.3913043478261,high,high,medium
2022-03-20,21,72,100,71,87,88,77,71,42,81,17,84,81,83,77,15,43,47,77,83,86,0,84,62,66.43478260869566,high,high,medium
2022-03-27,22,100,83,68,93,80,79,67,70,82,27,87,76,90,84,14,37,47,74,78,82,0,80,68,68.08695652173913,high,high,medium
2022-04-03,20,76,86,66,93,82,83,66,42,81,21,86,76,90,86,13,46,51,81,79,92,0,80,77,67.52173913043478,high,high,medium
2022-04-10,19,73,82,66,84,78,79,69,74,72,18,87,70,84,80,12,45,44,77,72,78,0,80,64,64.69565217391305,low,high,medium
2022-04-17,20,88,85,73,85,81,84,72,62,76,18,79,75,82,74,13,44,47,81,81,84,0,78,73,66.73913043478261,high,high,medium
2022-04-24,20,76,84,69,87,79,76,65,47,79,22,82,76,86,83,15,55,46,78,84,85,0,77,66,65.95652173913044,high,high,medium
2022-05-01,20,78,83,68,99,80,82,66,42,80,20,79,73,86,70,13,42,44,75,83,85,0,79,74,65.26086956521739,high,high,medium
2022-05-08,21,77,82,66,85,79,79,92,40,75,17,80,76,84,75,12,37,43,77,79,84,0,76,64,64.30434782608695,high,high,medium
2022-05-15,21,66,82,64,85,85,79,70,49,69,17,75,75,80,77,15,33,41,73,75,79,0,75,64,62.08695652173913,high,high,medium
2022-05-22,21,57,81,64,84,80,77,72,47,71,21,77,72,78,75,13,29,40,73,100,73,0,74,56,61.47826086956522,high,high,medium
2022-05-29,20,61,76,62,76,79,79,66,40,66,17,72,64,77,70,11,27,36,66,73,75,0,70,32,56.30434782608695,high,high,medium
2022-06-05,21,62,82,66,78,77,86,74,46,70,21,79,72,72,75,12,25,40,80,74,82,0,76,45,60.60869565217392,high,high,medium
2022-06-12,22,60,85,62,87,80,83,72,44,68,15,77,72,80,81,11,31,35,76,72,78,0,79,40,60.34782608695652,high,high,medium
2022-06-19,22,77,81,56,83,87,82,75,39,70,22,79,72,81,81,11,34,38,75,70,87,0,80,51,62.21739130434783,high,high,medium
2022-06-26,22,77,85,64,80,92,85,76,41,67,18,81,76,81,76,10,26,36,76,67,86,0,81,50,62.21739130434783,high,high,medium
2022-07-03,21,59,79,60,87,92,77,65,38,62,20,77,65,78,74,12,20,40,69,66,74,0,73,25,57.04347826086956,high,high,medium
2022-07-10,21,60,83,64,94,99,83,74,49,64,20,85,74,81,79,11,33,38,83,73,81,0,80,57,63.69565217391305,high,high,medium
2022-07-17,22,63,91,70,85,100,83,78,61,62,13,81,76,82,79,11,23,38,78,74,86,0,80,36,63.04347826086956,high,high,medium
2022-07-24,22,60,86,65,82,91,87,91,47,64,15,92,75,80,79,13,29,38,82,72,86,0,78,27,62.56521739130435,high,high,medium
2022-07-31,23,57,80,64,82,82,82,83,100,65,21,84,73,79,81,11,24,39,76,73,82,0,77,39,63.21739130434783,high,high,high
2022-08-07,23,58,84,63,82,81,85,78,51,65,18,85,73,100,78,11,21,40,77,75,84,0,77,34,61.73913043478261,high,high,high
2022-08-14,21,58,78,62,81,81,79,73,45,61,24,81,78,83,75,10,26,41,81,79,81,0,77,45,60.82608695652174,high,high,medium
2022-08-21,21,62,83,67,82,93,85,78,45,61,24,75,80,75,83,11,22,43,82,79,85,0,81,62,63.391304347826086,high,high,medium
2022-08-28,20,64,84,63,84,86,82,71,43,60,20,85,73,70,73,15,19,43,84,75,81,0,77,62,61.47826086956522,high,high,medium
2022-09-04,17,64,82,64,83,76,78,74,41,62,23,75,67,74,73,11,19,40,75,75,79,0,71,65,59.60869565217392,low,low,medium
2022-09-11,22,64,82,69,91,83,79,69,39,61,16,80,78,72,78,11,26,45,86,76,82,0,77,69,62.30434782608695,high,high,medium
2022-09-18,21,63,85,65,86,85,75,70,40,64,23,81,77,75,82,12,25,43,92,78,82,0,75,75,63.17391304347826,high,high,medium
2022-09-25,21,70,79,62,86,74,77,66,39,65,32,74,75,73,77,10,24,40,86,74,78,0,71,62,60.60869565217392,high,high,medium
2022-10-02,21,71,83,73,86,84,78,71,40,60,20,80,76,75,78,12,23,47,87,76,82,0,81,80,63.60869565217392,high,high,medium
2022-10-09,21,73,86,62,83,86,84,73,48,65,15,76,76,75,82,11,29,46,93,74,81,0,76,67,63.52173913043478,high,high,medium
2022-10-16,22,70,82,65,88,73,81,75,43,63,29,83,78,77,79,13,25,47,87,73,79,0,77,72,63.43478260869565,high,high,medium
2022-10-23,23,75,89,70,88,72,83,71,49,64,23,72,79,82,76,12,20,43,90,75,81,0,77,78,63.869565217391305,high,high,high
2022-10-30,22,76,85,67,91,82,83,66,52,66,19,72,77,80,78,11,26,43,89,74,79,0,75,71,63.56521739130435,high,high,medium
2022-11-06,22,63,80,67,83,73,81,73,39,65,18,79,75,74,80,12,28,43,81,70,75,0,77,64,60.869565217391305,high,high,medium
2022-11-13,23,71,86,72,89,77,85,74,46,64,23,77,75,78,75,12,17,42,83,70,76,0,79,79,63.04347826086956,high,high,high
2022-11-20,16,55,73,58,74,70,69,66,37,52,15,67,58,62,66,11,19,30,63,48,62,0,60,39,50.17391304347826,low,low,medium
2022-11-27,21,66,82,65,89,72,79,72,47,64,20,72,69,75,72,13,31,44,76,68,79,0,78,64,60.73913043478261,high,high,medium
2022-12-04,21,71,81,68,89,73,83,76,47,62,26,79,79,72,74,12,26,41,83,70,78,0,76,83,63.0,high,high,medium
2022-12-11,21,65,82,61,88,68,81,73,43,63,18,75,74,72,70,13,27,40,82,69,81,0,79,65,60.391304347826086,high,high,medium
2022-12-18,20,50,76,55,81,66,76,69,45,54,18,68,64,63,71,12,25,32,69,56,70,0,66,33,53.0,high,high,medium
2022-12-25,17,47,88,51,73,74,72,60,41,55,12,72,58,61,67,10,24,30,70,56,69,0,62,0,50.08695652173913,low,low,medium
2023-01-01,21,63,87,59,85,74,79,85,47,63,21,80,68,74,76,11,36,35,70,71,74,0,72,26,58.95652173913044,high,high,medium
2023-01-08,24,61,94,67,86,71,80,82,50,60,23,90,76,75,79,13,25,43,82,79,84,0,81,45,62.869565217391305,high,high,high
2023-01-15,23,63,92,66,83,73,74,72,48,60,20,86,76,77,82,13,30,43,88,78,82,0,86,62,63.21739130434783,high,high,high
2023-01-22,24,70,98,78,87,85,83,79,46,63,21,89,84,73,84,13,24,100,90,78,89,0,90,76,69.56521739130434,high,high,high
2023-01-29,23,68,92,73,85,73,88,73,50,59,22,83,83,78,83,17,21,81,93,87,89,0,79,100,68.56521739130434,high,high,high
2023-02-05,24,68,98,71,88,75,86,76,48,59,21,83,90,82,85,14,27,52,97,76,86,0,84,84,67.3913043478261,high,high,high
2023-02-12,23,73,96,73,84,71,80,72,53,61,24,81,82,80,81,15,22,50,90,71,84,0,82,74,65.17391304347827,high,high,high
2023-02-19,23,77,96,74,84,73,69,67,50,63,25,81,79,78,86,14,24,46,91,77,85,0,83,64,64.6086956521739,high,high,high
2023-02-26,26,70,98,66,89,69,90,79,46,61,25,83,82,83,95,16,29,49,93,82,85,0,82,92,68.0,high,high,high
2023-03-05,24,72,100,73,100,71,87,78,47,61,23,92,83,82,85,15,25,48,93,75,91,0,81,47,66.47826086956522,high,high,high
2023-03-12,26,59,92,76,70,72,88,71,46,63,100,87,80,77,84,17,18,45,88,73,86,0,78,63,66.65217391304348,high,high,high
2023-03-19,25,68,98,65,88,72,95,72,61,70,34,99,84,81,87,13,21,49,93,76,87,0,87,59,67.78260869565217,high,high,high
2023-03-26,33,66,89,71,88,71,86,74,50,65,21,77,83,81,85,17,24,43,87,71,87,0,83,73,64.8695652173913,high,high,high
2023-04-02,48,66,90,69,82,72,81,67,45,55,20,77,82,78,83,33,31,42,84,69,85,0,80,81,64.0,high,high,high
2023-04-09,41,71,93,66,86,72,81,71,52,66,25,100,82,76,82,32,30,45,87,74,86,0,81,59,65.95652173913044,high,high,high
2023-04-16,33,68,92,75,87,74,84,78,48,66,20,87,86,79,96,18,28,43,94,74,90,0,86,68,67.0,high,high,high
2023-04-23,27,74,92,74,90,73,84,69,53,58,30,84,85,81,88,17,33,45,93,69,91,0,83,72,66.8695652173913,high,high,high
2023-04-30,25,66,86,75,82,72,83,71,49,63,27,76,84,79,81,16,39,44,95,74,86,0,79,77,65.3913043478261,high,high,high
2023-05-07,25,62,90,69,90,73,81,69,46,61,19,79,89,77,79,14,29,42,93,71,93,0,80,73,64.30434782608695,high,high,high
2023-05-14,24,56,86,71,84,72,85,60,49,61,25,83,87,78,81,16,32,39,99,73,91,100,86,49,67.95652173913044,high,high,high
2023-05-21,25,57,84,69,82,67,84,69,46,57,27,79,85,81,89,14,30,42,93,70,88,0,78,52,62.73913043478261,high,high,high
2023-05-28,25,55,82,62,76,71,79,66,45,46,22,80,79,73,82,11,33,37,82,65,83,0,76,36,58.30434782608695,high,high,high
2023-06-04,25,53,86,64,74,70,81,71,46,51,24,78,83,73,84,14,37,39,89,65,87,0,78,40,60.30434782608695,high,high,high
2023-06-11,29,54,89,67,77,75,94,75,57,52,26,79,86,79,82,14,39,39,89,70,89,0,80,51,63.60869565217392,high,high,high
2023-06-18,24,51,87,66,77,73,81,71,51,54,17,86,84,76,84,14,37,38,88,68,87,0,80,63,62.30434782608695,high,high,high
2023-06-25,23,52,89,68,77,75,84,69,50,57,21,91,84,75,84,13,28,39,90,72,89,0,82,36,61.95652173913044,high,high,high
2023-07-02,23,58,83,61,78,76,80,68,48,58,19,81,74,71,77,12,28,36,78,59,83,0,74,28,57.82608695652174,high,high,high
2023-07-09,24,56,89,69,79,74,89,76,49,56,18,86,85,82,83,12,38,44,87,66,99,0,78,47,63.56521739130435,high,high,high
2023-07-16,24,53,81,65,76,78,88,77,66,59,19,86,87,71,76,13,42,42,79,65,91,0,80,56,63.04347826086956,high,high,high
2023-07-23,23,48,84,65,82,73,80,66,50,56,18,85,86,79,86,11,32,41,88,69,93,0,81,41,61.47826086956522,high,high,high
2023-07-30,24,44,83,62,80,72,73,70,52,51,21,85,84,74,81,11,33,40,85,65,94,0,82,32,59.73913043478261,high,high,high
2023-08-06,24,47,83,65,80,77,79,73,51,54,27,89,82,72,84,13,34,39,85,71,94,0,77,53,62.130434782608695,high,high,high
2023-08-13,24,50,81,61,76,72,87,71,45,58,17,73,83,74,80,12,32,43,84,71,90,0,84,46,60.43478260869565,high,high,high
2023-08-20,23,52,81,61,75,78,76,67,44,51,22,81,85,71,76,11,24,41,82,71,88,0,80,42,59.08695652173913,high,high,high
2023-08-27,24,60,79,62,79,79,73,67,42,53,23,82,83,73,72,12,33,44,85,74,93,0,85,51,61.04347826086956,high,high,high
2023-09-03,20,70,80,62,84,76,80,68,45,57,20,83,80,72,75,10,27,42,83,68,90,0,75,68,61.52173913043478,high,high,medium
2023-09-10,21,63,83,67,84,75,79,69,48,53,22,85,86,75,81,12,35,46,89,72,89,0,78,76,63.78260869565217,high,high,medium
2023-09-17,22,72,85,66,86,76,75,72,45,58,19,84,91,81,77,13,25,46,96,71,96,0,81,85,65.21739130434783,high,high,medium
2023-09-24,20,70,82,71,89,77,79,76,45,54,18,86,90,84,80,11,30,47,94,72,93,0,83,81,65.73913043478261,high,high,medium
2023-10-01,24,70,81,64,89,74,77,72,49,56,14,82,89,79,85,11,27,44,90,69,89,0,81,78,63.91304347826087,high,high,high
2023-10-08,22,67,81,72,81,71,81,70,45,53,20,85,86,73,77,12,23,42,91,64,89,0,81,49,61.43478260869565,high,high,medium
2023-10-15,26,64,83,71,83,67,81,74,45,58,21,86,88,73,84,12,31,49,91,72,92,0,84,54,63.60869565217392,high,high,high
2023-10-22,22,71,84,67,90,74,84,76,45,59,19,80,89,82,79,13,24,49,88,70,91,0,82,63,64.30434782608695,high,high,medium
2023-10-29,22,69,84,73,86,72,81,77,43,58,26,82,88,80,79,13,35,45,86,65,89,0,81,68,64.34782608695652,high,high,medium
2023-11-05,22,76,86,71,92,69,82,75,44,52,23,81,88,77,80,15,27,44,85,77,88,0,85,54,63.95652173913044,high,high,medium
2023-11-12,23,66,89,68,83,73,86,72,55,56,20,84,90,81,86,13,27,44,88,68,91,0,94,70,65.3913043478261,high,high,high
2023-11-19,16,60,75,60,78,69,73,86,45,49,14,77,70,70,66,9,24,33,64,45,71,0,67,33,53.82608695652174,low,low,medium
2023-11-26,23,70,82,76,88,68,84,80,42,52,25,78,85,82,79,12,35,43,83,67,90,0,86,68,64.1304347826087,high,high,high
2023-12-03,22,68,90,67,89,65,86,74,47,61,21,82,88,79,81,14,32,42,88,69,90,0,89,77,65.17391304347827,high,high,medium
2023-12-10,22,66,84,63,83,65,82,73,45,58,21,76,86,78,82,12,40,41,87,64,89,0,86,71,63.130434782608695,high,high,medium
2023-12-17,21,59,81,61,71,64,80,62,42,52,24,73,75,65,68,11,38,36,75,49,81,0,76,63,56.78260869565217,high,high,medium
2023-12-24,21,53,79,55,77,67,75,60,43,49,19,76,65,62,64,9,45,32,62,45,71,0,66,25,52.130434782608695,high,high,medium
2023-12-31,21,57,86,59,77,73,91,65,43,51,62,80,71,67,74,10,50,36,74,60,78,0,75,44,60.130434782608695,high,high,medium
2024-01-07,23,61,89,75,77,68,80,72,48,53,17,80,81,77,79,11,42,42,86,68,89,0,88,46,62.130434782608695,high,high,high
2024-01-14,21,63,83,68,82,75,77,71,39,52,21,82,80,68,76,12,51,39,87,65,83,0,88,56,61.65217391304348,high,high,medium
2024-01-21,21,67,91,68,87,77,81,79,44,58,17,89,89,78,79,13,45,45,90,68,99,0,95,65,66.26086956521739,high,high,medium
2024-01-28,22,70,87,64,84,76,89,80,47,57,20,85,90,82,84,17,64,46,91,73,94,0,91,83,68.43478260869566,high,high,medium
2024-02-04,22,83,91,75,85,67,85,91,45,58,21,96,91,75,88,15,88,45,92,69,90,0,91,79,70.43478260869566,high,high,medium
2024-02-11,20,68,91,72,85,67,84,83,54,54,36,86,88,72,87,13,59,42,93,63,95,0,87,71,67.3913043478261,high,high,medium
2024-02-18,21,73,96,71,89,75,82,83,51,63,28,89,93,80,85,16,49,47,91,68,88,0,91,84,69.21739130434783,high,high,medium
2024-02-25,22,70,93,72,90,74,89,76,44,69,26,82,89,78,95,15,33,48,90,71,95,0,87,69,67.6086956521739,high,high,medium
2024-03-03,22,65,95,72,87,72,94,75,53,78,25,92,89,83,88,17,47,44,89,65,96,0,88,41,67.6086956521739,high,high,medium
2024-03-10,25,66,83,69,87,81,81,76,47,56,20,84,90,75,85,16,47,46,88,65,100,0,85,48,65.0,high,high,high
2024-03-17,25,71,92,100,86,78,87,77,48,69,29,85,88,79,89,15,49,45,90,65,96,0,90,48,68.52173913043478,high,high,high
2024-03-24,22,65,85,81,91,70,85,73,48,60,12,78,90,74,93,12,31,44,87,62,87,0,86,47,63.52173913043478,high,high,medium
2024-03-31,22,62,84,73,89,69,80,73,44,55,19,81,85,76,90,14,58,46,90,66,91,0,88,73,65.47826086956522,high,high,medium
2024-04-07,22,70,85,80,88,68,83,71,48,62,19,85,91,86,88,14,40,43,86,60,87,0,80,45,64.30434782608695,high,high,medium
2024-04-14,24,75,89,78,87,80,91,74,53,70,22,83,95,86,89,13,55,49,89,71,94,0,89,47,68.65217391304348,high,high,high
2024-04-21,24,68,85,71,82,78,91,79,46,61,31,85,95,86,94,14,38,45,94,58,93,0,85,78,67.69565217391305,high,high,high
2024-04-28,23,70,83,75,85,75,86,68,45,58,23,79,92,81,85,14,50,44,89,65,88,0,88,50,64.91304347826087,high,high,high
2024-05-05,24,58,85,71,85,76,81,69,48,59,20,83,89,81,81,14,46,42,98,66,93,0,90,77,65.73913043478261,high,high,high
2024-05-12,23,61,83,68,82,74,95,74,54,57,19,85,92,76,77,14,46,41,89,59,89,0,87,50,64.0,high,high,high
2024-05-19,23,61,84,70,81,74,85,100,44,54,25,83,90,72,83,14,44,40,90,58,88,0,85,49,64.08695652173913,high,high,high
2024-05-26,20,53,75,64,80,77,84,78,44,53,19,81,82,65,82,12,38,40,81,54,83,0,77,55,59.869565217391305,high,high,medium
2024-06-02,23,55,84,68,74,78,85,71,48,55,20,89,90,75,84,12,54,42,96,63,94,0,92,46,64.1304347826087,high,high,high
2024-06-09,22,54,83,73,77,72,92,74,48,51,25,86,89,69,80,11,41,42,91,57,90,0,88,37,62.17391304347826,high,high,medium
2024-06-16,23,50,82,71,79,72,94,76,41,53,21,82,87,63,81,11,38,39,84,54,86,0,83,51,60.78260869565217,high,high,high
2024-06-23,24,55,83,70,80,78,89,92,54,50,23,89,88,73,85,12,32,40,91,60,90,0,89,42,63.69565217391305,high,high,high
2024-06-30,20,53,74,61,82,81,82,74,40,49,23,81,76,67,79,11,42,36,79,54,83,0,77,47,58.73913043478261,high,high,medium
2024-07-07,25,53,83,69,80,79,87,83,44,51,26,84,90,67,85,12,39,40,89,60,87,0,91,34,62.30434782608695,high,high,high
2024-07-14,24,59,83,67,80,79,86,77,59,49,20,82,90,69,77,12,43,40,91,60,88,0,94,25,62.17391304347826,high,high,high
2024-07-21,24,54,87,65,81,78,84,93,48,47,23,86,92,70,79,14,30,40,84,58,94,0,90,29,62.0,high,high,high
2024-07-28,23,52,83,70,82,81,86,80,45,46,17,93,93,78,80,21,31,41,90,56,90,0,87,34,62.43478260869565,high,high,high
2024-08-04,23,52,84,67,84,75,81,77,47,43,20,83,86,70,85,13,22,40,87,59,92,0,89,37,60.56521739130435,high,high,high
2024-08-11,24,50,86,67,80,74,85,82,43,49,19,92,96,65,87,14,30,43,90,64,93,0,91,21,61.78260869565217,high,high,high
2024-08-18,25,51,84,65,82,79,93,79,44,48,22,82,93,64,85,13,38,47,90,69,97,0,95,25,62.82608695652174,high,high,high
2024-08-25,22,59,83,64,80,71,85,78,49,52,22,93,92,70,75,14,46,48,93,68,91,0,92,36,63.52173913043478,high,high,medium
2024-09-01,20,61,76,66,88,73,82,76,46,48,22,82,85,71,76,12,36,45,86,64,90,0,88,97,63.91304347826087,high,high,medium
2024-09-08,23,70,83,76,92,73,84,82,40,51,21,84,94,68,77,10,35,49,92,74,91,0,91,82,66.04347826086956,high,high,high
2024-09-15,22,67,86,72,86,75,78,71,40,53,37,86,94,78,84,12,39,49,94,73,92,0,92,94,67.47826086956522,high,high,medium
2024-09-22,23,65,84,68,87,72,81,77,48,54,22,88,96,72,82,14,27,44,97,70,86,0,88,71,64.91304347826087,high,high,high
2024-09-29,22,63,80,74,80,72,88,75,50,53,23,83,94,71,87,13,41,46,93,70,92,0,89,64,65.26086956521739,high,high,medium
2024-10-06,23,62,80,67,87,75,79,78,40,53,21,85,89,73,87,12,48,49,90,62,88,0,86,52,63.60869565217392,high,high,high
2024-10-13,21,63,80,70,86,77,88,90,44,58,26,83,92,69,81,12,35,53,88,65,87,0,88,33,63.82608695652174,high,high,medium
2024-10-20,24,67,84,82,86,80,100,84,48,56,26,88,96,70,87,12,35,49,93,69,88,0,96,56,67.47826086956522,high,high,high
2024-10-27,23,66,84,63,95,77,91,79,43,55,29,87,93,71,87,12,55,47,97,68,82,0,88,57,66.34782608695652,high,high,high
2024-11-03,21,59,77,64,84,69,82,72,39,52,16,80,88,69,82,10,46,42,88,62,86,0,87,67,61.78260869565217,high,high,medium
2024-11-10,25,67,85,84,88,74,88,82,45,57,26,91,98,73,83,10,80,46,96,67,89,0,94,56,68.65217391304348,high,high,high
2024-11-17,24,67,87,77,92,70,88,83,48,61,22,94,100,77,83,12,76,46,100,62,89,0,100,71,69.78260869565217,high,high,high
2024-11-24,19,50,75,64,87,62,78,74,38,73,18,84,77,67,77,10,30,39,76,51,68,0,73,39,56.95652173913044,low,high,medium
